Venue type,Media owner,Screen ID,Unit ID,Screen name,Screen latitude,Screen longitude,Screen width (px),Screen height (px),Physical screen count,Dimensions (W x H),Aspect ratio,Orientation,Site name,Site location (city),Site region (state),Spot length,Allowed languages,Allow Image,Allow Video,Zip code,Country
Outdoor > Bus Shelters,Stellar Ace SG,SA_BST_A_TF_40051,21198307,SA_BST_A_TF_40051_Bt Timah Rd_Balmoral Plaza,1.31646,103.83575,2160,3840,1,2160 x 3840,0.5625,Portrait,SA_BST_40051_A,SA_BST_40051_A,Goodwood Park,10,All / Universal,Yes,No,259708,Singapore
Outdoor > Bus Shelters,Stellar Ace SG,SA_BST_C_TF_5012,21198308,SA_BST_C_TF_5012_Eu Tong Sen St._Before Pearl's Hill Terr,1.28147,103.84082,2160,3840,1,2160 x 3840,0.5625,Portrait,SA_BST_5012_C,SA_BST_5012_C,People'S Park,10,All / Universal,Yes,No,59820,Singapore
Outdoor > Bus Shelters,Stellar Ace SG,SA_BST_A_TF_5019,21198309,SA_BST_A_TF_5019_New Bridge Road_After Duxton Plain Park,1.28123,103.84111,2160,3840,1,2160 x 3840,0.5625,Portrait,SA_BST_5019_A,SA_BST_5019_A,Chinatown,10,All / Universal,Yes,No,88757,Singapore
Outdoor > Bus Shelters,Stellar Ace SG,SA_BST_A_TF_5039,21198310,SA_BST_A_TF_5039_New Bridge Road_New Bridge Centre,1.2829,103.84251,2160,3840,1,2160 x 3840,0.5625,Portrait,SA_BST_5039_A,SA_BST_5039_A,Chinatown,10,All / Universal,Yes,No,50336,Singapore
Outdoor > Bus Shelters,Stellar Ace SG,SA_BST_C-Parallel_TF_3019,21198311,SA_BST_C_TF_3019_Collyer Quay_One Bayfront,1.28332,103.85284,2160,3840,1,2160 x 3840,0.5625,Portrait,SA_BST_3019_C-Parallel,SA_BST_3019_C-Parallel,Clifford Pier,10,All / Universal,Yes,No,49325,Singapore
Outdoor > Bus Shelters,Stellar Ace SG,SA_BST_D-Parallel_PF_3019,21198312,SA_BST_D_PF_3019_Collyer Quay_One Bayfront,1.28332,103.85283,2160,3840,1,2160 x 3840,0.5625,Portrait,SA_BST_3019_D-Parallel,SA_BST_3019_D-Parallel,Clifford Pier,10,All / Universal,Yes,Yes,49325,Singapore
Outdoor > Bus Shelters,Stellar Ace SG,SA_BST_A_TF_6069,21198313,SA_BST_A_TF_6069_Outram Road_After Furama RiverFront,1.2863,103.83498,2160,3840,1,2160 x 3840,0.5625,Portrait,SA_BST_6069_A,SA_BST_6069_A,Pearl'S Hill,10,All / Universal,Yes,No,169051,Singapore
Outdoor > Bus Shelters,Stellar Ace SG,SA_BST_A_TF_5419,21198316,SA_BST_A_TF_5419_Tanjong Pagar Road_The Amara,1.27486,103.84322,2160,3840,1,2160 x 3840,0.5625,Portrait,SA_BST_5419_A,SA_BST_5419_A,Anson,10,All / Universal,Yes,No,79027,Singapore
Outdoor > Bus Shelters,Stellar Ace SG,SA_BST_A_TF_5651,21198321,SA_BST_A_TF_5651_Tanjong Pagar Road_Opposite Fuji Xerox Towers,1.27325,103.84307,2160,3840,1,2160 x 3840,0.5625,Portrait,SA_BST_5651_A,SA_BST_5651_A,Anson,10,All / Universal,Yes,No,89057,Singapore
Outdoor > Bus Shelters,Stellar Ace SG,SA_BST_C-Parallel_TF_5199,21198322,SA_BST_C-Parallel_TF_5199_South Bridge Road Road_Opposite Hong Lim Complex,1.28451,103.84669,2160,3840,1,2160 x 3840,0.5625,Portrait,SA_BST_5199_C-Parallel,SA_BST_5199_C-Parallel,China Square,10,All / Universal,Yes,No,48421,Singapore
Outdoor > Bus Shelters,Stellar Ace SG,SA_BST_D-Parallel_PF_5199,21198323,SA_BST_D-Parallel_PF_5199_South Bridge Road Road_Opposite Hong Lim Complex,1.28451,103.84668,2160,3840,1,2160 x 3840,0.5625,Portrait,SA_BST_5199_D-Parallel,SA_BST_5199_D-Parallel,China Square,10,All / Universal,Yes,Yes,48421,Singapore
Outdoor > Bus Shelters,Stellar Ace SG,SA_BST_A_TF_8079,21198325,SA_BST_A_TF_8079_Sch of the Arts_Prinsep St,1.29911,103.84902,2160,3840,1,2160 x 3840,0.5625,Portrait,SA_BST_8079_A,SA_BST_8079_A,Dhoby Ghaut,10,All / Universal,Yes,No,227968,Singapore
Outdoor > Bus Shelters,Stellar Ace SG,SA_BST_A_TF_8031,21198329,SA_BST_A_TF_8031_Penang Road_Dhoby Ghaut Station Exit B,1.29839,103.84524,2160,3840,1,2160 x 3840,0.5625,Portrait,SA_BST_8031_A,SA_BST_8031_A,Dhoby Ghaut,10,All / Universal,Yes,No,238459,Singapore
Outdoor > Bus Shelters,Stellar Ace SG,SA_BST_A_TF_8121,21198330,SA_BST_A_TF_8121_Somerset Road_Somerset MRT Station,1.30028,103.83883,2160,3840,1,2160 x 3840,0.5625,Portrait,SA_BST_8121_A,SA_BST_8121_A,Somerset,10,All / Universal,Yes,No,238162,Singapore
Outdoor > Bus Shelters,Stellar Ace SG,SA_BST_B_PF_8121,21198331,SA_BST_B_PF_8121_Somerset Road_Somerset MRT Station,1.30028,103.83882,2160,3840,1,2160 x 3840,0.5625,Portrait,SA_BST_8121_B,SA_BST_8121_B,Somerset,10,All / Universal,Yes,Yes,238162,Singapore
Outdoor > Bus Shelters,Stellar Ace SG,SA_BST_A_TF_9059,21198333,SA_BST_A_TF_9059_Grange Road_Somerset Youth Park,1.30048,103.83625,2160,3840,1,2160 x 3840,0.5625,Portrait,SA_BST_9059_A,SA_BST_9059_A,Somerset,10,All / Universal,Yes,No,238166,Singapore
Outdoor > Bus Shelters,Stellar Ace SG,SA_BST_B_PF_9059,21198334,SA_BST_B_PF_9059_Grange Road_Somerset Youth Park,1.30048,103.83624,2160,3840,1,2160 x 3840,0.5625,Portrait,SA_BST_9059_B,SA_BST_9059_B,Somerset,10,All / Universal,Yes,Yes,238166,Singapore
Outdoor > Bus Shelters,Stellar Ace SG,SA_BST_C_TF_9011,21198335,SA_BST_C_TF_9011_Orchard Turn_Opposite Ngee Ann City,1.30211,103.83432,2160,3840,1,2160 x 3840,0.5625,Portrait,SA_BST_9011_C,SA_BST_9011_C,Boulevard,10,All / Universal,Yes,No,238873,Singapore
Outdoor > Bus Shelters,Stellar Ace SG,SA_BST_B-Parallel_PF_2169,21198339,SA_BST_B-Parallel_PF_2169_Temasek Avenue_Promenade MRT Station Exit B,1.29327,103.86065,2160,3840,1,2160 x 3840,0.5625,Portrait,SA_BST_2169_B-Parallel,SA_BST_2169_B-Parallel,Marina Centre,10,All / Universal,Yes,Yes,39190,Singapore
Outdoor > Bus Shelters,Stellar Ace SG,SA_BST_C_TF_3511,21198340,SA_BST_C_TF_3511_Bayfront Avenue_After Bayfront Station Exit E,1.28194,103.85893,2160,3840,1,2160 x 3840,0.5625,Portrait,SA_BST_3511_C,SA_BST_3511_C,Bayfront Subzone,10,All / Universal,Yes,No,18957,Singapore
Outdoor > Bus Shelters,Stellar Ace SG,SA_BST_A_TF_3041,21198342,SA_BST_A_TF_3041_Cross Street_Telok Ayer Station Exit A,1.28197,103.84873,2160,3840,1,2160 x 3840,0.5625,Portrait,SA_BST_3041_A,SA_BST_3041_A,Chinatown,10,All / Universal,Yes,No,48416,Singapore
Outdoor > Bus Shelters,Stellar Ace SG,SA_BST_B_PF_3041,21198343,SA_BST_B_PF_3041_Cross Street_Telok Ayer Station Exit A,1.28197,103.84872,2160,3840,1,2160 x 3840,0.5625,Portrait,SA_BST_3041_B,SA_BST_3041_B,Chinatown,10,All / Universal,Yes,Yes,48416,Singapore
Outdoor > Bus Shelters,Stellar Ace SG,SA_BST_A_TF_3111,21198354,SA_BST_A_TF_3111_Robinson Road_After Capital Tower,1.27788,103.84812,2160,3840,1,2160 x 3840,0.5625,Portrait,SA_BST_3111_A,SA_BST_3111_A,Cecil,10,All / Universal,Yes,No,68909,Singapore
Outdoor > Bus Shelters,Stellar Ace SG,SA_BST_B_PF_3111,21198355,SA_BST_B_PF_3111_Robinson Road_After Capital Tower,1.27788,103.84811,2160,3840,1,2160 x 3840,0.5625,Portrait,SA_BST_3111_B,SA_BST_3111_B,Cecil,10,All / Universal,Yes,Yes,68909,Singapore
Outdoor > Bus Shelters,Stellar Ace SG,SA_BST_A_TF_5022,21198356,SA_BST_A_TF_5022_Eu Tong Sen Street_After Chinatown MRT Station Exit D,1.28573,103.8444,2160,3840,1,2160 x 3840,0.5625,Portrait,SA_BST_5022_A,SA_BST_5022_A,Pearl'S Hill,10,All / Universal,Yes,No,58357,Singapore
Outdoor > Bus Shelters,Stellar Ace SG,SA_BST_B_PF_5022,21198357,SA_BST_B_PF_5022_Eu Tong Sen Street_After Chinatown MRT Station Exit D,1.28573,103.84439,2160,3840,1,2160 x 3840,0.5625,Portrait,SA_BST_5022_B,SA_BST_5022_B,Pearl'S Hill,10,All / Universal,Yes,Yes,58357,Singapore
Outdoor > Bus Shelters,Stellar Ace SG,SA_BST_C_TF_66271,21198361,SA_BST_C_TF_66271_Serangoon Garden Way_Serangoon Garden Circus,1.36402,103.86582,2160,3840,1,2160 x 3840,0.5625,Portrait,SA_BST_66271_C,SA_BST_66271_C,Serangoon Garden,10,All / Universal,Yes,No,555960,Singapore
Outdoor > Bus Shelters,Stellar Ace SG,SA_BST_A_TF_66379,21198364,SA_BST_A_TF_66379_Hougang Ave 8_Block 206,1.35339,103.87285,2160,3840,1,2160 x 3840,0.5625,Portrait,SA_BST_66379_A,SA_BST_66379_A,Serangoon Central,10,All / Universal,Yes,No,550206,Singapore
Outdoor > Bus Shelters,Stellar Ace SG,SA_BST_A_TF_28649,21198370,SA_BST_A_TF_28649_Toh Guan Road_Block 286A,1.33901,103.74603,2160,3840,1,2160 x 3840,0.5625,Portrait,SA_BST_28649_A,SA_BST_28649_A,Toh Guan,10,All / Universal,Yes,No,600284,Singapore
Outdoor > Bus Shelters,Stellar Ace SG,SA_BST_C_TF_28659,21198371,SA_BST_C_TF_28659_Toh Guan Rd_IMM Bldg,1.33451,103.74767,2160,3840,1,2160 x 3840,0.5625,Portrait,SA_BST_28659_C,SA_BST_28659_C,Toh Guan,10,All / Universal,Yes,No,609601,Singapore
Outdoor > Bus Shelters,Stellar Ace SG,SA_BST_A_TF_28301,21198372,SA_BST_A_TF_28301_Jurong Gateway Rd_Blk 131,1.33473,103.7403,2160,3840,1,2160 x 3840,0.5625,Portrait,SA_BST_28301_A,SA_BST_28301_A,Jurong Gateway,10,All / Universal,Yes,No,600131,Singapore
Outdoor > Bus Shelters,Stellar Ace SG,SA_BST_A_TF_59181,21198379,SA_BST_A_TF_59181_Yishun Ave 9_Opposite Block 245,1.43416,103.84218,2160,3840,1,2160 x 3840,0.5625,Portrait,SA_BST_59181_A,SA_BST_59181_A,Yishun East,10,All / Universal,Yes,No,760317,Singapore
Outdoor > Bus Shelters,Stellar Ace SG,SA_BST_C_TF_54359,21198380,SA_BST_C_TF_54359_Ang Mo Kio Avenue 5_Block 502,1.37615,103.84999,2160,3840,1,2160 x 3840,0.5625,Portrait,SA_BST_54359_C,SA_BST_54359_C,Cheng San,10,All / Universal,Yes,No,560502,Singapore
Outdoor > Bus Shelters,Stellar Ace SG,SA_BST_A_TF_59079,21198381,SA_BST_A_TF_59079_Yishun Ave 2_Yishun MRT Station,1.42931,103.83518,2160,3840,1,2160 x 3840,0.5625,Portrait,SA_BST_59079_A,SA_BST_59079_A,Yishun West,10,All / Universal,Yes,No,769093,Singapore
Outdoor > Bus Shelters,Stellar Ace SG,SA_BST_A_TF_11361,21198385,SA_BST_A_TF_11361_North Buona Vista Rd_Buona Vista Stn Exit C,1.3065,103.79054,2160,3840,1,2160 x 3840,0.5625,Portrait,SA_BST_11361_A,SA_BST_11361_A,One North,10,All / Universal,Yes,No,139350,Singapore
Outdoor > Bus Shelters,Stellar Ace SG,SA_BST_A_TF_44539,21198387,SA_BST_A_TF_44539_Choa Chu Kang Ave 4_Lot 1 Shoppers' Mall,1.38461,103.74499,2160,3840,1,2160 x 3840,0.5625,Portrait,SA_BST_44539_A,SA_BST_44539_A,Choa Chu Kang Central,10,All / Universal,Yes,No,689812,Singapore
Outdoor > Bus Shelters,Stellar Ace SG,SA_BST_A_TF_44141,21198389,SA_BST_A_TF_44141_Choa Chu Kang Rd_Phoenix Stn,1.37835,103.75773,2160,3840,1,2160 x 3840,0.5625,Portrait,SA_BST_44141_A,SA_BST_44141_A,Teck Whye,10,All / Universal,Yes,No,689483,Singapore
Outdoor > Bus Shelters,Stellar Ace SG,SA_BST_C_TF_5049,21198396,SA_BST_C_TF_5049_New Bridge Road_Chinatown Point,1.28531,103.84455,2160,3840,1,2160 x 3840,0.5625,Portrait,SA_BST_5049_C,SA_BST_5049_C,China Square,10,All / Universal,Yes,No,59413,Singapore
Outdoor > Bus Shelters,Stellar Ace SG,SA_BST_D_PF_5049,21198397,SA_BST_D_PF_5049_New Bridge Road_Chinatown Point,1.28531,103.84454,2160,3840,1,2160 x 3840,0.5625,Portrait,SA_BST_5049_D,SA_BST_5049_D,China Square,10,All / Universal,Yes,Yes,59413,Singapore
Outdoor > Bus Shelters,Stellar Ace SG,SA_BST_A_TF_3509,21198399,SA_BST_A_TF_3509_Bayfront Ave_Bayfront Stn Exit B/MBS,1.28321,103.8601,2160,3840,1,2160 x 3840,0.5625,Portrait,SA_BST_3509_A,SA_BST_3509_A,Bayfront Subzone,10,All / Universal,Yes,No,18971,Singapore
Outdoor > Bus Shelters,Stellar Ace SG,SA_BST_C_TF_76229,21198400,SA_BST_C_TF_76229_Tampines Ave 7_Opposite Tampines East MRT Station,1.35613,103.95349,2160,3840,1,2160 x 3840,0.5625,Portrait,SA_BST_76229_C,SA_BST_76229_C,Tampines East,10,All / Universal,Yes,No,521229,Singapore
Outdoor > Bus Shelters,Stellar Ace SG,SA_BST_A_TF_62131,21198402,SA_BST_A_TF_62131_Upper Serangoon Rd_S'goon Stn Exit H,1.34911,103.87295,2160,3840,1,2160 x 3840,0.5625,Portrait,SA_BST_62131_A,SA_BST_62131_A,Serangoon Central,10,All / Universal,Yes,No,534801,Singapore
Outdoor > Bus Shelters,Stellar Ace SG,SA_BST_A_TF_44299,21198403,SA_BST_A_TF_44299_Teck Whye Ave_Choa Chu Kang Polyclinic,1.38152,103.7514,2160,3840,1,2160 x 3840,0.5625,Portrait,SA_BST_44299_A,SA_BST_44299_A,Teck Whye,10,All / Universal,Yes,No,680131,Singapore
Outdoor > Bus Shelters,Stellar Ace SG,SA_BST_A_TF_3129,21198408,SA_BST_A_TF_3129_Shenton Way_UIC Building,1.2779,103.84965,2160,3840,1,2160 x 3840,0.5625,Portrait,SA_BST_3129_A,SA_BST_3129_A,Cecil,10,All / Universal,Yes,No,68808,Singapore
Outdoor > Bus Shelters,Stellar Ace SG,SA_BST_A_TF_82069,21198412,SA_BST_A_TF_82069_Changi Rd_Aft Lor 106 Changi,1.31709,103.90295,2160,3840,1,2160 x 3840,0.5625,Portrait,SA_BST_82069_A,SA_BST_82069_A,Geylang East,10,All / Universal,Yes,No,419730,Singapore
Outdoor > Bus Shelters,Stellar Ace SG,SA_BST_A-Parallel_TF_82011,21198414,SA_BST_A_TF_82011_Sims Ave_Aft Paya Lebar Quarter,1.31743,103.89523,2160,3840,1,2160 x 3840,0.5625,Portrait,SA_BST_82011_A-Parallel,SA_BST_82011_A-Parallel,Geylang East,10,All / Universal,Yes,No,408533,Singapore
Outdoor > Bus Shelters,Stellar Ace SG,SA_BST_A-Parallel_TF_84471,21198420,SA_BST_A_TF_84471_Bedok Reservoir Rd_Blk 745,1.33733,103.92199,2160,3840,1,2160 x 3840,0.5625,Portrait,SA_BST_84471_A-Parallel,SA_BST_84471_A-Parallel,Bedok Reservoir,10,All / Universal,Yes,No,470745,Singapore
Outdoor > Bus Shelters,Stellar Ace SG,SA_BST_A_TF_84031,21198421,SA_BST_A_TF_84031_New upper Changi Rd_Bedok Stn Exit B,1.32428,103.93003,2160,3840,1,2160 x 3840,0.5625,Portrait,SA_BST_84031_A,SA_BST_84031_A,Bedok North,10,All / Universal,Yes,No,465498,Singapore
Outdoor > Bus Shelters,Stellar Ace SG,SA_BST_C_TF_3501,21198425,SA_BST_C_TF_3501_Bayfront Ave_Marina Bay Sands Theatre,1.28515,103.86061,2160,3840,1,2160 x 3840,0.5625,Portrait,SA_BST_3501_C,SA_BST_3501_C,Bayfront Subzone,10,All / Universal,Yes,No,18971,Singapore
Outdoor > Bus Shelters,Stellar Ace SG,SA_BST_C_TF_2161,21198426,SA_BST_C_TF_2161_Temasek Ave_Aft Promenade Stn Exit C,1.29281,103.86094,2160,3840,1,2160 x 3840,0.5625,Portrait,SA_BST_2161_C,SA_BST_2161_C,Marina Centre,10,All / Universal,Yes,No,39194,Singapore
Outdoor > Bus Shelters,Stellar Ace SG,SA_BST_C_TF_2119,21198427,SA_BST_C_TF_2119_Nicoll Highway_Opp War Memorial Pk,1.29188,103.85534,2160,3840,1,2160 x 3840,0.5625,Portrait,SA_BST_2119_C,SA_BST_2119_C,Marina Centre,10,All / Universal,Yes,No,39393,Singapore
Outdoor > Bus Shelters,Stellar Ace SG,SA_BST_A_TF_6161,21198432,SA_BST_A_TF_6161_Havelock Rd_Blk 2,1.28899,103.84005,2160,3840,1,2160 x 3840,0.5625,Portrait,SA_BST_6161_A,SA_BST_6161_A,Pearl'S Hill,10,All / Universal,Yes,No,163002,Singapore
Outdoor > Bus Shelters,Stellar Ace SG,SA_BST_C_TF_2101,21198434,SA_BST_C_TF_2101_Raffles Ave_Aft S'pore Flyer,1.28935,103.86191,2160,3840,1,2160 x 3840,0.5625,Portrait,SA_BST_2101_C,SA_BST_2101_C,Marina Centre,10,All / Universal,Yes,No,39803,Singapore
Outdoor > Bus Shelters,Stellar Ace SG,SA_BST_C_TF_2159,21198435,SA_BST_C_TF_2159_Temasek Blvd_Opp Suntec Convention Ctr,1.29353,103.85838,2160,3840,1,2160 x 3840,0.5625,Portrait,SA_BST_2159_C,SA_BST_2159_C,Marina Centre,10,All / Universal,Yes,No,38982,Singapore
Outdoor > Bus Shelters,Stellar Ace SG,SA_BST_C_TF_4251,21198437,SA_BST_C_TF_4251_Nth Boat Quay_Opp High St Ctr,1.28975,103.84886,2160,3840,1,2160 x 3840,0.5625,Portrait,SA_BST_4251_C,SA_BST_4251_C,City Hall,10,All / Universal,Yes,No,179094,Singapore
Outdoor > Bus Shelters,Stellar Ace SG,SA_BST_A-Parallel_TF_59429,21198439,SA_BST_A_TF_59429_Yishun Ring Rd_Blk 846,1.4174,103.83503,2160,3840,1,2160 x 3840,0.5625,Portrait,SA_BST_59429_A-Parallel,SA_BST_59429_A-Parallel,Yishun South,10,All / Universal,Yes,No,760849,Singapore
Outdoor > Bus Shelters,Stellar Ace SG,SA_BST_C_TF_2111,21198441,SA_BST_C_TF_2111_Esplanade Dr_Esplanade Bridge,1.29095,103.85453,2160,3840,1,2160 x 3840,0.5625,Portrait,SA_BST_2111_C,SA_BST_2111_C,City Hall,10,All / Universal,Yes,No,179682,Singapore
Outdoor > Bus Shelters,Stellar Ace SG,SA_BST_C_TF_44531,21198444,SA_BST_C_TF_44531_Choa Chu Kang Ave 4_Opp Choa Chu Kang Stn,1.38425,103.74453,2160,3840,1,2160 x 3840,0.5625,Portrait,SA_BST_44531_C,SA_BST_44531_C,Choa Chu Kang Central,10,All / Universal,Yes,No,689687,Singapore
Outdoor > Bus Shelters,Stellar Ace SG,SA_BST_A_TF_63211,21198446,SA_BST_A_TF_63211_Yio Chu Kang Rd_Blk 138,1.36816,103.87578,2160,3840,1,2160 x 3840,0.5625,Portrait,SA_BST_63211_A,SA_BST_63211_A,Serangoon Garden,10,All / Universal,Yes,No,550138,Singapore
Outdoor > Bus Shelters,Stellar Ace SG,SA_BST_C-Parallel_TF_6171,21198447,SA_BST_C_TF_6171_Upp Cross St_Opp State Ct,1.28607,103.84247,2160,3840,1,2160 x 3840,0.5625,Portrait,SA_BST_6171_C-Parallel,SA_BST_6171_C-Parallel,Pearl'S Hill,10,All / Universal,Yes,No,50034,Singapore
Outdoor > Bus Shelters,Stellar Ace SG,SA_BST_A_TF_66371,21198451,SA_BST_A_TF_66371_S'goon Ctrl_Blk 261,1.35383,103.87266,2160,3840,1,2160 x 3840,0.5625,Portrait,SA_BST_66371_A,SA_BST_66371_A,Serangoon Central,10,All / Universal,Yes,No,550261,Singapore
Outdoor > Bus Shelters,Stellar Ace SG,SA_BST_A_TF_3371,21198452,SA_BST_A_TF_3371_Marina Gdns Dr_Gdns by the Bay,1.2807,103.86672,2160,3840,1,2160 x 3840,0.5625,Portrait,SA_BST_3371_A,SA_BST_3371_A,Marina South,10,All / Universal,Yes,No,18953,Singapore
Outdoor > Bus Shelters,Stellar Ace SG,SA_BST_A_TF_19019,21198457,SA_BST_A_TF_19019_C'wealth Ave West_Blk 27,1.30808,103.78471,2160,3840,1,2160 x 3840,0.5625,Portrait,SA_BST_19019_A,SA_BST_19019_A,Ghim Moh,10,All / Universal,Yes,No,271029,Singapore
Outdoor > Bus Shelters,Stellar Ace SG,SA_BST_A_TF_66351,21198458,SA_BST_A_TF_66351_Serangoon Central_S'goon Stn Exit E,1.35049,103.87324,2160,3840,1,2160 x 3840,0.5625,Portrait,SA_BST_66351_A,SA_BST_66351_A,Serangoon Central,10,All / Universal,Yes,No,556083,Singapore
Outdoor > Bus Shelters,Stellar Ace SG,SA_BST_C_TF_28651,21198460,SA_BST_C_TF_28651_Toh Guan Rd_Opp IMM Bldg,1.33515,103.74794,2160,3840,1,2160 x 3840,0.5625,Portrait,SA_BST_28651_C,SA_BST_28651_C,Toh Guan,10,All / Universal,Yes,No,608840,Singapore
Outdoor > Bus Shelters,Stellar Ace SG,SA_BST_A_TF_76051,21325522,SA_BST_A_TF_76051_Tampines Ave 5_Our Tampines Hub,1.35313,103.94126,2160,3840,1,2160 x 3840,0.5625,Portrait,SA_BST_76051_A,SA_BST_76051_A,Tampines West,10,English,Yes,No,528523,Singapore
Outdoor > Bus Shelters,Stellar Ace SG,SA_BST_A_TF_64111,21325524,SA_BST_A_TF_64111_Yio Chu Kang Rd_Opp Blk 953,1.37594,103.87684,2160,3840,1,2160 x 3840,0.5625,Portrait,SA_BST_64111_A,SA_BST_64111_A,Serangoon North,10,English,Yes,No,555853,Singapore
Outdoor > Bus Shelters,Stellar Ace SG,SA_BST_A_TF_67401,21325529,SA_BST_A_TF_67401_Sengkang East Way_Opp Sengkang Stn/Blk 260A,1.39294,103.89531,2160,3840,1,2160 x 3840,0.5625,Portrait,SA_BST_67401_A,SA_BST_67401_A,Sengkang Town Centre,10,All / Universal,Yes,No,541260,Singapore
Outdoor > Bus Shelters,Stellar Ace SG,SA_BST_C_TF_28299,21325532,SA_BST_C_TF_28299_Jurong Town Hall_Blk 253,1.34462,103.73683,2160,3840,1,2160 x 3840,0.5625,Portrait,SA_BST_28299_C,SA_BST_28299_C,Yuhua East,10,All / Universal,Yes,No,600255,Singapore
Outdoor > Bus Shelters,Stellar Ace SG,SA_BST_A_TF_75239,21325533,SA_BST_A_TF_75239_Tampines Ave 1_Temasek Poly,1.34675,103.93257,2160,3840,1,2160 x 3840,0.5625,Portrait,SA_BST_75239_A,SA_BST_75239_A,Tampines West,10,All / Universal,Yes,No,529757,Singapore
Outdoor > Bus Shelters,Stellar Ace SG,SA_BST_A_TF_9048,21325540,SA_BST_A_TF_9048_Orchard Rd_Orchard Stn/Lucky Plaza,1.30389,103.8341,2160,3840,1,2160 x 3840,0.5625,Portrait,SA_BST_9048_A,SA_BST_9048_A,Boulevard,10,All / Universal,Yes,No,238863,Singapore
Outdoor > Bus Shelters,Stellar Ace SG,SA_BST_B_PF_9048,21325541,SA_BST_B_PF_9048_Orchard Rd_Orchard Stn/Lucky Plaza,1.30389,103.8341,2160,3840,1,2160 x 3840,0.5625,Portrait,SA_BST_9048_B,SA_BST_9048_B,Boulevard,10,All / Universal,Yes,No,238863,Singapore
Outdoor > Bus Shelters,Stellar Ace SG,SA_BST_C_TF_9048,21325542,SA_BST_C_TF_9048_Orchard Rd_Orchard Stn/Lucky Plaza,1.30389,103.8341,2160,3840,1,2160 x 3840,0.5625,Portrait,SA_BST_9048_C,SA_BST_9048_C,Boulevard,10,All / Universal,Yes,No,238863,Singapore
Outdoor > Bus Shelters,Stellar Ace SG,SA_BST_D_PF_9048,21325543,SA_BST_D_PF_9048_Orchard Rd_Orchard Stn/Lucky Plaza,1.30389,103.8341,2160,3840,1,2160 x 3840,0.5625,Portrait,SA_BST_9048_D,SA_BST_9048_D,Boulevard,10,All / Universal,Yes,No,238863,Singapore
Outdoor > Bus Shelters,Stellar Ace SG,SA_BST_A_TF_9037,21325544,SA_BST_A_TF_9037_Orchard Rd_Bef Cairnhill Rd,1.30234,103.83691,2160,3840,1,2160 x 3840,0.5625,Portrait,SA_BST_9037_A,SA_BST_9037_A,Somerset,10,All / Universal,Yes,No,238897,Singapore
Outdoor > Bus Shelters,Stellar Ace SG,SA_BST_B_PF_9037,21325545,SA_BST_B_PF_9037_Orchard Rd_Bef Cairnhill Rd,1.30234,103.83691,2160,3840,1,2160 x 3840,0.5625,Portrait,SA_BST_9037_B,SA_BST_9037_B,Somerset,10,All / Universal,Yes,No,238897,Singapore
Outdoor > Bus Shelters,Stellar Ace SG,SA_BST_C_TF_9037,21325546,SA_BST_C_TF_9037_Orchard Rd_Bef Cairnhill Rd,1.30234,103.83691,2160,3840,1,2160 x 3840,0.5625,Portrait,SA_BST_9037_C,SA_BST_9037_C,Somerset,10,All / Universal,Yes,No,238897,Singapore
Outdoor > Bus Shelters,Stellar Ace SG,SA_BST_D_PF_9037,21325547,SA_BST_D_PF_9037_Orchard Rd_Bef Cairnhill Rd,1.30234,103.83691,2160,3840,1,2160 x 3840,0.5625,Portrait,SA_BST_9037_D,SA_BST_9037_D,Somerset,10,All / Universal,Yes,No,238897,Singapore
Outdoor > Bus Shelters,Stellar Ace SG,SA_BST_A_TF_9169,21325548,SA_BST_A_TF_9169_Orchard Rd_Delfi Orchard,1.30703,103.82839,2160,3840,1,2160 x 3840,0.5625,Portrait,SA_BST_9169_A,SA_BST_9169_A,Boulevard,10,All / Universal,Yes,No,238876,Singapore
Outdoor > Bus Shelters,Stellar Ace SG,SA_BST_C_TF_9169,21325549,SA_BST_C_TF_9169_Orchard Rd_Delfi Orchard,1.30703,103.82839,2160,3840,1,2160 x 3840,0.5625,Portrait,SA_BST_9169_C,SA_BST_9169_C,Boulevard,10,All / Universal,Yes,No,238876,Singapore
Outdoor > Bus Shelters,Stellar Ace SG,SA_BST_D_PF_9169,21325550,SA_BST_D_PF_9169_Orchard Rd_Delfi Orchard,1.30703,103.82839,2160,3840,1,2160 x 3840,0.5625,Portrait,SA_BST_9169_D,SA_BST_9169_D,Boulevard,10,All / Universal,Yes,No,238876,Singapore
Outdoor > Bus Shelters,Stellar Ace SG,SA_BST_A_TF_9038,21325551,SA_BST_A_TF_9038_Orchard Rd_Opp Somerset Stn,1.30154,103.83858,2160,3840,1,2160 x 3840,0.5625,Portrait,SA_BST_9038_A,SA_BST_9038_A,Somerset,10,All / Universal,Yes,No,238852,Singapore
Outdoor > Bus Shelters,Stellar Ace SG,SA_BST_B_PF_9038,21325552,SA_BST_B_PF_9038_Orchard Rd_Opp Somerset Stn,1.30154,103.83858,2160,3840,1,2160 x 3840,0.5625,Portrait,SA_BST_9038_B,SA_BST_9038_B,Somerset,10,All / Universal,Yes,No,238852,Singapore
Outdoor > Bus Shelters,Stellar Ace SG,SA_BST_C_TF_9038,21325553,SA_BST_C_TF_9038_Orchard Rd_Opp Somerset Stn,1.30154,103.83858,2160,3840,1,2160 x 3840,0.5625,Portrait,SA_BST_9038_C,SA_BST_9038_C,Somerset,10,All / Universal,Yes,No,238852,Singapore
Outdoor > Bus Shelters,Stellar Ace SG,SA_BST_D_PF_9038,21325554,SA_BST_D_PF_9038_Orchard Rd_Opp Somerset Stn,1.30154,103.83858,2160,3840,1,2160 x 3840,0.5625,Portrait,SA_BST_9038_D,SA_BST_9038_D,Somerset,10,All / Universal,Yes,No,238852,Singapore
Outdoor > Bus Shelters,Stellar Ace SG,SA_BST_A_TF_9179,21325555,SA_BST_A_TF_9179_Orchard Rd_Royal Thai Embassy,1.30592,103.83043,2160,3840,1,2160 x 3840,0.5625,Portrait,SA_BST_9179_A,SA_BST_9179_A,Boulevard,10,All / Universal,Yes,No,238903,Singapore
Outdoor > Bus Shelters,Stellar Ace SG,SA_BST_B_PF_9179,21325556,SA_BST_B_PF_9179_Orchard Rd_Royal Thai Embassy,1.30592,103.83043,2160,3840,1,2160 x 3840,0.5625,Portrait,SA_BST_9179_B,SA_BST_9179_B,Boulevard,10,All / Universal,Yes,No,238903,Singapore
Outdoor > Bus Shelters,Stellar Ace SG,SA_BST_C_TF_9179,21325557,SA_BST_C_TF_9179_Orchard Rd_Royal Thai Embassy,1.30592,103.83043,2160,3840,1,2160 x 3840,0.5625,Portrait,SA_BST_9179_C,SA_BST_9179_C,Boulevard,10,All / Universal,Yes,No,238903,Singapore
Outdoor > Bus Shelters,Stellar Ace SG,SA_BST_D_PF_9179,21325558,SA_BST_D_PF_9179_Orchard Rd_Royal Thai Embassy,1.30592,103.83043,2160,3840,1,2160 x 3840,0.5625,Portrait,SA_BST_9179_D,SA_BST_9179_D,Boulevard,10,All / Universal,Yes,No,238903,Singapore
Outdoor > Bus Shelters,Stellar Ace SG,SA_BST_A_TF_70251,21325560,SA_BST_A_TF_70251_Paya Lebar Rd_Macpherson Stn Exit C,1.32514,103.89034,2160,3840,1,2160 x 3840,0.5625,Portrait,SA_BST_70251_A,SA_BST_70251_A,Macpherson,10,All / Universal,Yes,No,409048,Singapore
Outdoor > Bus Shelters,Stellar Ace SG,SA_BST_A_TF_83101,21325561,SA_BST_A_TF_83101_Jalan Eunos_Eunos Stn,1.32065,103.90492,2160,3840,1,2160 x 3840,0.5625,Portrait,SA_BST_83101_A,SA_BST_83101_A,Geylang East,10,All / Universal,Yes,No,400008,Singapore
Outdoor > Bus Shelters,Stellar Ace SG,SA_BST_C_TF_70279,21325562,SA_BST_C_TF_70279_Paya Lebar Rd_Opp Trinity Paya Lebar,1.33155,103.88951,2160,3840,1,2160 x 3840,0.5625,Portrait,SA_BST_70279_C,SA_BST_70279_C,Kampong Ubi,10,All / Universal,Yes,No,408731,Singapore
Outdoor > Bus Shelters,Stellar Ace SG,SA_BST_A_TF_9212,21325563,SA_BST_A_TF_9212_Scotts Rd_Royal Plaza On Scotts,1.30699,103.83263,2160,3840,1,2160 x 3840,0.5625,Portrait,SA_BST_9212_A,SA_BST_9212_A,Boulevard,10,All / Universal,Yes,No,228220,Singapore
Outdoor > Bus Shelters,Stellar Ace SG,SA_BST_C_TF_9212,21325564,SA_BST_C_TF_9212_Scotts Rd_Royal Plaza On Scotts,1.30699,103.83263,2160,3840,1,2160 x 3840,0.5625,Portrait,SA_BST_9212_C,SA_BST_9212_C,Boulevard,10,All / Universal,Yes,No,228220,Singapore
Outdoor > Bus Shelters,Stellar Ace SG,SA_BST_D_PF_9212,21325565,SA_BST_D_PF_9212_Scotts Rd_Royal Plaza On Scotts,1.30699,103.83263,2160,3840,1,2160 x 3840,0.5625,Portrait,SA_BST_9212_D,SA_BST_9212_D,Boulevard,10,All / Universal,Yes,No,228220,Singapore
Outdoor > Bus Shelters,Stellar Ace SG,SA_BST_A_TF_8137,21325566,SA_BST_A_TF_8137_Orchard Rd_Orchard Plaza,1.30074,103.841,2160,3840,1,2160 x 3840,0.5625,Portrait,SA_BST_8137_A,SA_BST_8137_A,Somerset,10,All / Universal,Yes,No,238841,Singapore
Outdoor > Bus Shelters,Stellar Ace SG,SA_BST_C_TF_8137,21325567,SA_BST_C_TF_8137_Orchard Rd_Orchard Plaza,1.30074,103.841,2160,3840,1,2160 x 3840,0.5625,Portrait,SA_BST_8137_C,SA_BST_8137_C,Somerset,10,All / Universal,Yes,No,238841,Singapore
Outdoor > Bus Shelters,Stellar Ace SG,SA_BST_A_TF_82111,21325570,SA_BST_A_TF_82111_Tanjong Katong Rd_Opp Tg Katong Cplx,1.3161,103.89382,2160,3840,1,2160 x 3840,0.5625,Portrait,SA_BST_82111_A,SA_BST_82111_A,Geylang East,10,All / Universal,Yes,No,437161,Singapore
Outdoor > Bus Shelters,Stellar Ace SG,SA_BST_A_TF_2171,21325571,SA_BST_A_TF_2171_Temasek Ave_Opp The Ritz-Carlton,1.29074,103.86097,2160,3840,1,2160 x 3840,0.5625,Portrait,SA_BST_2171_A,SA_BST_2171_A,Marina Centre,10,All / Universal,Yes,No,39799,Singapore
Outdoor > Bus Shelters,Stellar Ace SG,SA_BST_A_TF_9219,21325572,SA_BST_A_TF_9219_Scotts Rd_Far East Plaza,1.30732,103.83319,2160,3840,1,2160 x 3840,0.5625,Portrait,SA_BST_9219_A,SA_BST_9219_A,Boulevard,10,All / Universal,Yes,No,228213,Singapore
Outdoor > Bus Shelters,Stellar Ace SG,SA_BST_B_PF_9219,21325573,SA_BST_B_PF_9219_Scotts Rd_Far East Plaza,1.30732,103.83319,2160,3840,1,2160 x 3840,0.5625,Portrait,SA_BST_9219_B,SA_BST_9219_B,Boulevard,10,All / Universal,Yes,No,228213,Singapore
Outdoor > Bus Shelters,Stellar Ace SG,SA_BST_C_TF_9219,21325574,SA_BST_C_TF_9219_Scotts Rd_Far East Plaza,1.30732,103.83319,2160,3840,1,2160 x 3840,0.5625,Portrait,SA_BST_9219_C,SA_BST_9219_C,Boulevard,10,All / Universal,Yes,No,228213,Singapore
Outdoor > Bus Shelters,Stellar Ace SG,SA_BST_D_PF_9219,21325575,SA_BST_D_PF_9219_Scotts Rd_Far East Plaza,1.30732,103.83319,2160,3840,1,2160 x 3840,0.5625,Portrait,SA_BST_9219_D,SA_BST_9219_D,Boulevard,10,All / Universal,Yes,No,228213,Singapore
Outdoor > Bus Shelters,Stellar Ace SG,SA_BST_A_TF_75051,21325578,SA_BST_A_TF_75051_Tampines Ave 1_Tampines West Stn Exit B,1.34503,103.94007,2160,3840,1,2160 x 3840,0.5625,Portrait,SA_BST_75051_A,SA_BST_75051_A,Tampines West,10,All / Universal,Yes,No,520934,Singapore
Outdoor > Bus Shelters,Stellar Ace SG,SA_BST_A_TF_76249,21325579,"SA_BST_A_TF_76249_Tampines Ave 7_Blk 370, Tampines Ave 7",1.35834,103.9595,2160,3840,1,2160 x 3840,0.5625,Portrait,SA_BST_76249_A,SA_BST_76249_A,Tampines East,10,All / Universal,Yes,No,520370,Singapore
Outdoor > Bus Shelters,Stellar Ace SG,SA_BST_A_TF_76239,21325580,"SA_BST_A_TF_76239_Tampines Ave 7_Blk 390, Tampines Ave 7",1.35649,103.95755,2160,3840,1,2160 x 3840,0.5625,Portrait,SA_BST_76239_A,SA_BST_76239_A,Tampines East,10,All / Universal,Yes,No,520390,Singapore
Outdoor > Bus Shelters,Stellar Ace SG,SA_BST_C_TF_76059,21325581,SA_BST_C_TF_76059_Tampines Ave 5_Opp Our Tampines Hub,1.35298,103.94167,2160,3840,1,2160 x 3840,0.5625,Portrait,SA_BST_76059_C,SA_BST_76059_C,Tampines East,10,All / Universal,Yes,No,529482,Singapore
Outdoor > Bus Shelters,Stellar Ace SG,SA_BST_A_TF_76199,21325582,"SA_BST_A_TF_76199_Tampines Ave 7_Blk 503, Tampines Ave 7",1.3566,103.94535,2160,3840,1,2160 x 3840,0.5625,Portrait,SA_BST_76199_A,SA_BST_76199_A,Tampines East,10,All / Universal,Yes,No,520502,Singapore
Outdoor > Bus Shelters,Stellar Ace SG,SA_BST_A_TF_76109,21325583,"SA_BST_A_TF_76109_Tampines Ave 2_Blk 302, Tampines Ave 2",1.35298,103.95507,2160,3840,1,2160 x 3840,0.5625,Portrait,SA_BST_76109_A,SA_BST_76109_A,Tampines East,10,All / Universal,Yes,No,529341,Singapore
Outdoor > Bus Shelters,Stellar Ace SG,SA_BST_A_TF_84529,21325584,SA_BST_A_TF_84529_Bedok North Ave 3_Blk 109,1.33215,103.93431,2160,3840,1,2160 x 3840,0.5625,Portrait,SA_BST_84529_A,SA_BST_84529_A,Bedok North,10,All / Universal,Yes,No,460506,Singapore
Outdoor > Bus Shelters,Stellar Ace SG,SA_BST_C_TF_71099,21325585,"SA_BST_C_TF_71099_Eunos Link_Blk 311, Eunos Link",1.33022,103.90383,2160,3840,1,2160 x 3840,0.5625,Portrait,SA_BST_71099_C,SA_BST_71099_C,Kampong Ubi,10,All / Universal,Yes,No,400312,Singapore
Outdoor > Bus Shelters,Stellar Ace SG,SA_BST_A_TF_9047,21325586,SA_BST_A_TF_9047_Orchard Rd_Orchard Stn/Tang Plaza,1.30455,103.83284,2160,3840,1,2160 x 3840,0.5625,Portrait,SA_BST_9047_A,SA_BST_9047_A,Boulevard,10,All / Universal,Yes,No,238865,Singapore
Outdoor > Bus Shelters,Stellar Ace SG,SA_BST_B_PF_9047,21325587,SA_BST_B_PF_9047_Orchard Rd_Orchard Stn/Tang Plaza,1.30455,103.83284,2160,3840,1,2160 x 3840,0.5625,Portrait,SA_BST_9047_B,SA_BST_9047_B,Boulevard,10,All / Universal,Yes,No,238865,Singapore
Outdoor > Bus Shelters,Stellar Ace SG,SA_BST_A_TF_3011,21325588,SA_BST_A_TF_3011_Fullerton Rd_Fullerton Sq,1.28566,103.85336,2160,3840,1,2160 x 3840,0.5625,Portrait,SA_BST_3011_A,SA_BST_3011_A,Clifford Pier,10,All / Universal,Yes,No,49213,Singapore
Outdoor > Bus Shelters,Stellar Ace SG,SA_BST_B_PF_3011,21325589,SA_BST_B_PF_3011_Fullerton Rd_Fullerton Sq,1.28566,103.85336,2160,3840,1,2160 x 3840,0.5625,Portrait,SA_BST_3011_B,SA_BST_3011_B,Clifford Pier,10,All / Universal,Yes,No,49213,Singapore
Outdoor > Bus Shelters,Stellar Ace SG,SA_BST_C_TF_3011,21325590,SA_BST_C_TF_3011_Fullerton Rd_Fullerton Sq,1.28566,103.85336,2160,3840,1,2160 x 3840,0.5625,Portrait,SA_BST_3011_C,SA_BST_3011_C,Clifford Pier,10,All / Universal,Yes,No,49213,Singapore
Outdoor > Bus Shelters,Stellar Ace SG,SA_BST_D_PF_3011,21325591,SA_BST_D_PF_3011_Fullerton Rd_Fullerton Sq,1.28566,103.85336,2160,3840,1,2160 x 3840,0.5625,Portrait,SA_BST_3011_D,SA_BST_3011_D,Clifford Pier,10,All / Universal,Yes,No,49213,Singapore
Outdoor > Bus Shelters,Stellar Ace SG,SA_BST_A_TF_3223,21325592,SA_BST_A_TF_3223_Anson Rd_Tanjong Pagar Stn Exit C,1.27581,103.84637,2160,3840,1,2160 x 3840,0.5625,Portrait,SA_BST_3223_A,SA_BST_3223_A,Tanjong Pagar,10,All / Universal,Yes,No,79903,Singapore
Outdoor > Bus Shelters,Stellar Ace SG,SA_BST_B_PF_3223,21325593,SA_BST_B_PF_3223_Anson Rd_Tanjong Pagar Stn Exit C,1.27581,103.84637,2160,3840,1,2160 x 3840,0.5625,Portrait,SA_BST_3223_B,SA_BST_3223_B,Tanjong Pagar,10,All / Universal,Yes,No,79903,Singapore
Outdoor > Bus Shelters,Stellar Ace SG,SA_BST_A_TF_54371,21325601,"SA_BST_A_TF_54371_Ang Mo Kio Ave 10_Blk 409 Mkt/Fc, Ang Mo Kio Ave 10",1.36238,103.85568,2160,3840,1,2160 x 3840,0.5625,Portrait,SA_BST_54371_A,SA_BST_54371_A,Chong Boon,10,All / Universal,Yes,No,560409,Singapore
Outdoor > Bus Shelters,Stellar Ace SG,SA_BST_A_TF_59389,21325602,"SA_BST_A_TF_59389_Yishun Ring Rd_Opp Blk 314, Yishun Ring Rd",1.43202,103.84206,2160,3840,1,2160 x 3840,0.5625,Portrait,SA_BST_59389_A,SA_BST_59389_A,Yishun East,10,All / Universal,Yes,No,760314,Singapore
Outdoor > Bus Shelters,Stellar Ace SG,SA_BST_A_TF_59161,21325603,"SA_BST_A_TF_59161_Yishun Central_Opp Blk 201, Yishun Central",1.43014,103.83792,2160,3840,1,2160 x 3840,0.5625,Portrait,SA_BST_59161_A,SA_BST_59161_A,Yishun Central,10,All / Universal,Yes,No,768830,Singapore
Outdoor > Bus Shelters,Stellar Ace SG,SA_BST_A_TF_81111,21325604,SA_BST_A_TF_81111_Paya Lebar Rd_Paya Lebar Stn Exit B,1.31848,103.89213,2160,3840,1,2160 x 3840,0.5625,Portrait,SA_BST_81111_A,SA_BST_81111_A,Geylang East,10,All / Universal,Yes,No,409051,Singapore
Outdoor > Bus Shelters,Stellar Ace SG,SA_BST_B_PF_81111,21325605,SA_BST_B_PF_81111_Paya Lebar Rd_Paya Lebar Stn Exit B,1.31848,103.89213,2160,3840,1,2160 x 3840,0.5625,Portrait,SA_BST_81111_B,SA_BST_81111_B,Geylang East,10,All / Universal,Yes,No,409051,Singapore
Outdoor > Bus Shelters,Stellar Ace SG,SA_BST_A_TF_59119,21325606,"SA_BST_A_TF_59119_Yishun Ave 5_Opp Blk 701a, Yishun Ave 5",1.43037,103.82795,2160,3840,1,2160 x 3840,0.5625,Portrait,SA_BST_59119_A,SA_BST_59119_A,Yishun West,10,All / Universal,Yes,No,760101,Singapore
Outdoor > Bus Shelters,Stellar Ace SG,SA_BST_C-Parallel_TF_4149,21325608,SA_BST_C-Parallel_TF_4149_Hill St_Grand Pk City Hall,1.29276,103.84983,2160,3840,1,2160 x 3840,0.5625,Portrait,SA_BST_4149_C-Parallel,SA_BST_4149_C-Parallel,City Hall,10,All / Universal,Yes,No,179809,Singapore
Outdoor > Bus Shelters,Stellar Ace SG,SA_BST_A_TF_84231,21325613,"SA_BST_A_TF_84231_Bedok North Rd_Blk 85, Bedok North Rd",1.33173,103.93855,2160,3840,1,2160 x 3840,0.5625,Portrait,SA_BST_84231_A,SA_BST_84231_A,Bedok North,10,All / Universal,Yes,No,460085,Singapore
Outdoor > Bus Shelters,Stellar Ace SG,SA_BST_A_TF_46321,21325614,SA_BST_A_TF_46321_Woodlands Ave 5_W'Lands Civic Ctr,1.43457,103.78656,2160,3840,1,2160 x 3840,0.5625,Portrait,SA_BST_46321_A,SA_BST_46321_A,Woodlands Regional Centre,10,All / Universal,Yes,No,730900,Singapore
Outdoor > Bus Shelters,Stellar Ace SG,SA_BST_A_TF_4249,21325615,SA_BST_A_TF_4249_North Bridge Rd_Opp The Treasury,1.29053,103.85036,2160,3840,1,2160 x 3840,0.5625,Portrait,SA_BST_4249_A,SA_BST_4249_A,City Hall,10,All / Universal,Yes,No,178879,Singapore
Outdoor > Bus Shelters,Stellar Ace SG,SA_BST_B_PF_4249,21325616,SA_BST_B_PF_4249_North Bridge Rd_Opp The Treasury,1.29053,103.85036,2160,3840,1,2160 x 3840,0.5625,Portrait,SA_BST_4249_B,SA_BST_4249_B,City Hall,10,All / Universal,Yes,No,178879,Singapore
Outdoor > Bus Shelters,Stellar Ace SG,SA_BST_A_TF_76221,21325618,SA_BST_A_TF_76221_Tampines Ave 7_Tampines East Stn Exit A,1.35638,103.95393,2160,3840,1,2160 x 3840,0.5625,Portrait,SA_BST_76221_A,SA_BST_76221_A,Tampines East,10,All / Universal,Yes,No,520451,Singapore
Outdoor > Bus Shelters,Stellar Ace SG,SA_BST_C-Parallel_TF_76351,21325619,SA_BST_C-Parallel_TF_76351_Tampines Ave 9_Blk 484,1.36213,103.95309,2160,3840,1,2160 x 3840,0.5625,Portrait,SA_BST_76351_C-Parallel,SA_BST_76351_C-Parallel,Tampines East,10,All / Universal,Yes,No,520482,Singapore
Outdoor > Bus Shelters,Stellar Ace SG,SA_BST_A_TF_65311,21325620,SA_BST_A_TF_65311_Punggol Dr_Oasis Stn Exit B/Blk 617d,1.40201,103.91285,2160,3840,1,2160 x 3840,0.5625,Portrait,SA_BST_65311_A,SA_BST_65311_A,Waterway East,10,All / Universal,Yes,No,828854,Singapore
Outdoor > Bus Shelters,Stellar Ace SG,SA_BST_C-Parallel_TF_4159,21325621,SA_BST_C-Parallel_TF_4159_Victoria St_Aft Chijmes,1.29488,103.85108,2160,3840,1,2160 x 3840,0.5625,Portrait,SA_BST_4159_C-Parallel,SA_BST_4159_C-Parallel,City Hall,10,All / Universal,Yes,No,187995,Singapore
Outdoor > Bus Shelters,Stellar Ace SG,SA_BST_A_TF_65319,21325622,SA_BST_A_TF_65319_Punggol Dr_Oasis Stn Exit A,1.40278,103.91227,2160,3840,1,2160 x 3840,0.5625,Portrait,SA_BST_65319_A,SA_BST_65319_A,Waterway East,10,All / Universal,Yes,No,822617,Singapore
Outdoor > Bus Shelters,Stellar Ace SG,SA_BST_C_TF_67271,21325627,"SA_BST_C_TF_67271_Sengkang East Rd_Blk 201 Cp, Sengkang East Rd",1.38825,103.89209,2160,3840,1,2160 x 3840,0.5625,Portrait,SA_BST_67271_C,SA_BST_67271_C,Sengkang Town Centre,10,All / Universal,Yes,No,540201,Singapore
Outdoor > Bus Shelters,Stellar Ace SG,SA_BST_A-Parallel_TF_10349,21325633,SA_BST_A-Parallel_TF_10349_Henderson Rd_Blk 116,1.28497,103.82101,2160,3840,1,2160 x 3840,0.5625,Portrait,SA_BST_10349_A-Parallel,SA_BST_10349_A-Parallel,Henderson Hill,10,All / Universal,Yes,No,151116,Singapore
Outdoor > Bus Shelters,Stellar Ace SG,SA_BST_A-Parallel_TF_10151,21325634,SA_BST_A-Parallel_TF_10151_Tiong Bahru Rd_Ctrl Green Condo,1.2857,103.82865,2160,3840,1,2160 x 3840,0.5625,Portrait,SA_BST_10151_A-Parallel,SA_BST_10151_A-Parallel,Tiong Bahru Station,10,All / Universal,Yes,No,169481,Singapore
Outdoor > Bus Shelters,Stellar Ace SG,SA_BST_A_TF_19071,21325635,SA_BST_A_TF_19071_Dover Rd_Opp Acs Independent,1.30518,103.78107,2160,3840,1,2160 x 3840,0.5625,Portrait,SA_BST_19071_A,SA_BST_19071_A,Dover,10,All / Universal,Yes,No,130027,Singapore
Outdoor > Bus Shelters,Stellar Ace SG,SA_BST_A_TF_71079,21325637,SA_BST_A_TF_71079_Eunos Link_Comfort Driving Ctr,1.33547,103.89835,2160,3840,1,2160 x 3840,0.5625,Portrait,SA_BST_71079_A,SA_BST_71079_A,Kampong Ubi,10,All / Universal,Yes,No,408651,Singapore
Outdoor > Bus Shelters,Stellar Ace SG,SA_BST_A_TF_70271,21325638,SA_BST_A_TF_70271_Paya Lebar Rd_Le Crescendo,1.33071,103.88926,2160,3840,1,2160 x 3840,0.5625,Portrait,SA_BST_70271_A,SA_BST_70271_A,Macpherson,10,All / Universal,Yes,No,409045,Singapore
Outdoor > Bus Shelters,Stellar Ace SG,SA_BST_A_TF_67591,21325641,"SA_BST_A_TF_67591_Sengkang East Rd_Blk 286b, Sengkang East Rd",1.39797,103.89543,2160,3840,1,2160 x 3840,0.5625,Portrait,SA_BST_67591_A,SA_BST_67591_A,Sengkang Town Centre,10,All / Universal,Yes,No,542286,Singapore
Outdoor > Bus Shelters,Stellar Ace SG,SA_BST_A_TF_59419,21325643,SA_BST_A_TF_59419_Yishun Ring Rd_Blk 413,1.42536,103.84606,2160,3840,1,2160 x 3840,0.5625,Portrait,SA_BST_59419_A,SA_BST_59419_A,Yishun East,10,All / Universal,Yes,No,760413,Singapore
Outdoor > Bus Shelters,Stellar Ace SG,SA_BST_A_TF_4229,21325645,SA_BST_A_TF_4229_Hill St_High St Ctr,1.29044,103.84876,2160,3840,1,2160 x 3840,0.5625,Portrait,SA_BST_4229_A,SA_BST_4229_A,City Hall,10,All / Universal,Yes,No,179094,Singapore
Outdoor > Bus Shelters,Stellar Ace SG,SA_BST_C_TF_75081,21325646,SA_BST_C_TF_75081_Tampines Ave 3_Blk 831,1.34986,103.93426,2160,3840,1,2160 x 3840,0.5625,Portrait,SA_BST_75081_C,SA_BST_75081_C,Tampines West,10,All / Universal,Yes,No,520827,Singapore
Outdoor > Bus Shelters,Stellar Ace SG,SA_BST_C_TF_59469,21325647,SA_BST_C_TF_59469_Yishun Ave 11_Blk 419,1.42357,103.84748,2160,3840,1,2160 x 3840,0.5625,Portrait,SA_BST_59469_C,SA_BST_59469_C,Yishun East,10,All / Universal,Yes,No,760419,Singapore
Outdoor > Bus Shelters,Stellar Ace SG,SA_BST_A_TF_54289,21325648,SA_BST_A_TF_54289_Ang Mo Kio Ave 3_Blk 452,1.36914,103.85598,2160,3840,1,2160 x 3840,0.5625,Portrait,SA_BST_54289_A,SA_BST_54289_A,Chong Boon,10,All / Universal,Yes,No,560452,Singapore
Outdoor > Bus Shelters,Stellar Ace SG,SA_BST_A_TF_67671,21359215,"SA_BST_A_TF_67671_Rivervale Cresent_Blk 156a Cp, Rivervale Cres",1.39194,103.90707,2160,3840,1,2160 x 3840,0.5625,Portrait,SA_BST_67671_A,SA_BST_67671_A,Rivervale,10,All / Universal,Yes,No,541156,Singapore
Outdoor > Bus Shelters,Stellar Ace SG,SA_BST_A-Parallel_TF_65199,21359217,SA_BST_A-Parallel_TF_65199_TPE_Aft Punggol Rd,1.39574,103.90568,2160,3840,1,2160 x 3840,0.5625,Portrait,SA_BST_65199_A-Parallel,SA_BST_65199_A-Parallel,Punggol Field,10,All / Universal,Yes,No,820118,Singapore
Outdoor > Bus Shelters,Stellar Ace SG,SA_BST_C_TF_70231,21359221,SA_BST_C_TF_70231_Mattar Rd_OPP MATTAR STN EXIT B,1.32622,103.88404,2160,3840,1,2160 x 3840,0.5625,Portrait,SA_BST_70231_C,SA_BST_70231_C,Macpherson,10,All / Universal,Yes,No,387731,Singapore
Outdoor > Bus Shelters,Stellar Ace SG,SA_BST_C_TF_47521,21359222,SA_BST_C_TF_47521_Woodlands Dr 16_Opp Blk 575,1.43165,103.79813,2160,3840,1,2160 x 3840,0.5625,Portrait,SA_BST_47521_C,SA_BST_47521_C,Woodlands South,10,All / Universal,Yes,No,737899,Singapore
Outdoor > Bus Shelters,Stellar Ace SG,SA_BST_A_TF_6071,21359226,SA_BST_A_TF_6071_Zion Rd_HAVELOCK STN EXIT 2,1.28689,103.83344,2160,3840,1,2160 x 3840,0.5625,Portrait,SA_BST_6071_A,SA_BST_6071_A,Tiong Bahru,10,All / Universal,Yes,No,165002,Singapore
Outdoor > Bus Shelters,Stellar Ace SG,SA_BST_C_TF_59391,21359227,SA_BST_C_TF_59391_Yishun Ring Rd_Blk 342B,1.43021,103.84523,2160,3840,1,2160 x 3840,0.5625,Portrait,SA_BST_59391_C,SA_BST_59391_C,Yishun East,10,All / Universal,Yes,No,762342,Singapore
Outdoor > Bus Shelters,Stellar Ace SG,SA_BST_C_TF_10371,21359234,"SA_BST_C_TF_10371_Lower Delta Rd_Blk 129, Lower Delta Rd",1.28365,103.8245,2160,3840,1,2160 x 3840,0.5625,Portrait,SA_BST_10371_C,SA_BST_10371_C,Henderson Hill,10,All / Universal,Yes,No,150129,Singapore
Outdoor > Bus Shelters,Stellar Ace SG,SA_BST_A-Parallel_TF_10199,21359239,SA_BST_A-Parallel_TF_10199_Tiong Bahru Rd_Delta Swim Cplx,1.28875,103.81936,2160,3840,1,2160 x 3840,0.5625,Portrait,SA_BST_10199_A-Parallel,SA_BST_10199_A-Parallel,Henderson Hill,10,All / Universal,Yes,No,158790,Singapore
Outdoor > Bus Shelters,Stellar Ace SG,SA_BST_A_TF_85099,21359241,SA_BST_A_TF_85099_New Upp Changi Rd_Tanah Merah Stn Exit A,1.32684,103.94645,2160,3840,1,2160 x 3840,0.5625,Portrait,SA_BST_85099_A,SA_BST_85099_A,Bedok South,10,All / Universal,Yes,No,467356,Singapore
Outdoor > Bus Shelters,Stellar Ace SG,SA_BST_C_TF_10189,21359242,SA_BST_C_TF_10189_Tiong Bahru Rd_Blk 104A CP,1.28862,103.82175,2160,3840,1,2160 x 3840,0.5625,Portrait,SA_BST_10189_C,SA_BST_10189_C,Henderson Hill,10,All / Universal,Yes,No,151104,Singapore
Outdoor > Bus Shelters,Stellar Ace SG,SA_BST_A_TF_76359,21359250,SA_BST_A_TF_76359_Tampines Ave 9_Blk 493B,1.36211,103.95217,2160,3840,1,2160 x 3840,0.5625,Portrait,SA_BST_76359_A,SA_BST_76359_A,Tampines East,10,All / Universal,Yes,No,521493,Singapore
Outdoor > Bus Shelters,Stellar Ace SG,SA_BST_A_TF_75159,21359252,SA_BST_A_TF_75159_Tampines Ave 8_Blk 874,1.35405,103.93146,2160,3840,1,2160 x 3840,0.5625,Portrait,SA_BST_75159_A,SA_BST_75159_A,Tampines West,10,All / Universal,Yes,No,523874,Singapore
Outdoor > Bus Shelters,Stellar Ace SG,SA_BST_A_TF_64409,21359255,SA_BST_A_TF_64409_Upp S'goon Rd_Blk 477A,1.3782,103.90353,2160,3840,1,2160 x 3840,0.5625,Portrait,SA_BST_64409_A,SA_BST_64409_A,Kangkar,10,All / Universal,Yes,No,537476,Singapore
Outdoor > Bus Shelters,Stellar Ace SG,SA_BST_A_TF_67529,21359256,SA_BST_A_TF_67529_Sengkang East Dr_Opp Blk 157A,1.38727,103.90933,2160,3840,1,2160 x 3840,0.5625,Portrait,SA_BST_67529_A,SA_BST_67529_A,Rivervale,10,All / Universal,Yes,No,542170,Singapore
Outdoor > Bus Shelters,Stellar Ace SG,SA_BST_C_TF_82033,21359261,SA_BST_C_TF_82033_Sims Ave_Blk 414,1.31797,103.89828,2160,3840,1,2160 x 3840,0.5625,Portrait,SA_BST_82033_C,SA_BST_82033_C,Geylang East,10,All / Universal,Yes,No,400414,Singapore
Outdoor > Bus Shelters,Stellar Ace SG,SA_BST_C_TF_10351,21359262,SA_BST_C_TF_10351_Lorong 4 Toa Payoh_Blk 95B,1.28675,103.82205,2160,3840,1,2160 x 3840,0.5625,Portrait,SA_BST_10351_C,SA_BST_10351_C,Henderson Hill,10,All / Universal,Yes,No,152095,Singapore
Outdoor > Bus Shelters,Stellar Ace SG,SA_BST_A_TF_11369,21359264,SA_BST_A_TF_11369_North Buona Vista Rd_Buona Vista Stn Exit D,1.30643,103.7909,2160,3840,1,2160 x 3840,0.5625,Portrait,SA_BST_11369_A,SA_BST_11369_A,One North,10,All / Universal,Yes,No,139350,Singapore
Outdoor > Bus Shelters,Stellar Ace SG,SA_BST_A_TF_67619,21359267,"SA_BST_A_TF_67619_Sengkang Central_Blk 201c, Sengkang Central",1.38776,103.89401,2160,3840,1,2160 x 3840,0.5625,Portrait,SA_BST_67619_A,SA_BST_67619_A,Sengkang Town Centre,10,All / Universal,Yes,No,543201,Singapore
Outdoor > Bus Shelters,Stellar Ace SG,SA_BST_A_TF_28491,21359268,SA_BST_A_TF_28491_Jurong East Ave 1_Opp Jurong Polyclinic,1.34905,103.73078,2160,3840,1,2160 x 3840,0.5625,Portrait,SA_BST_28491_A,SA_BST_28491_A,Yuhua West,10,All / Universal,Yes,No,600320,Singapore
Outdoor > Bus Shelters,Stellar Ace SG,SA_BST_A_TF_59421,21359272,SA_BST_A_TF_59421_Yishun Ring Rd_Blk 624,1.41762,103.83513,2160,3840,1,2160 x 3840,0.5625,Portrait,SA_BST_59421_A,SA_BST_59421_A,Yishun South,10,All / Universal,Yes,No,760626,Singapore
Outdoor > Bus Shelters,Stellar Ace SG,SA_BST_A_TF_65061,21359275,SA_BST_A_TF_65061_Punggol Rd_Blk 298A,1.3949,103.90186,2160,3840,1,2160 x 3840,0.5625,Portrait,SA_BST_65061_A,SA_BST_65061_A,Sengkang Town Centre,10,All / Universal,Yes,No,541298,Singapore
Outdoor > Bus Shelters,Stellar Ace SG,SA_BST_A_TF_84059,21359278,SA_BST_A_TF_84059_New Upp Changi Rd_Blk 65,1.32498,103.93951,2160,3840,1,2160 x 3840,0.5625,Portrait,SA_BST_84059_A,SA_BST_84059_A,Bedok South,10,All / Universal,Yes,No,460065,Singapore
Outdoor > Bus Shelters,Stellar Ace SG,SA_BST_A_TF_59399,21359279,SA_BST_A_TF_59399_Yishun Ring Rd_Opp Blk 367,1.43026,103.84552,2160,3840,1,2160 x 3840,0.5625,Portrait,SA_BST_59399_A,SA_BST_59399_A,Yishun East,10,All / Universal,Yes,No,762342,Singapore
Outdoor > Bus Shelters,Stellar Ace SG,SA_BST_A_TF_65069,21359280,SA_BST_A_TF_65069_Punggol Rd_Blk 190C,1.39504,103.90236,2160,3840,1,2160 x 3840,0.5625,Portrait,SA_BST_65069_A,SA_BST_65069_A,Rivervale,10,All / Universal,Yes,No,543190,Singapore
Outdoor > Bus Shelters,Stellar Ace SG,SA_BST_A_TF_76231,21359281,SA_BST_A_TF_76231_Tampines Ave 7_Opp Blk 390,1.35666,103.95735,2160,3840,1,2160 x 3840,0.5625,Portrait,SA_BST_76231_A,SA_BST_76231_A,Tampines East,10,All / Universal,Yes,No,520390,Singapore
Outdoor > Bus Shelters,Stellar Ace SG,SA_BST_A_TF_76141,21359282,SA_BST_A_TF_76141_Tampines Ave 4_Tampines Stn/Int,1.35366,103.94609,2160,3840,1,2160 x 3840,0.5625,Portrait,SA_BST_76141_A,SA_BST_76141_A,Tampines East,10,All / Universal,Yes,No,521245,Singapore
Outdoor > Bus Shelters,Stellar Ace SG,SA_BST_A_TF_67661,21359283,"SA_BST_A_TF_67661_Rivervale Cresent_Opp Blk 178a, Rivervale Cres",1.38885,103.90879,2160,3840,1,2160 x 3840,0.5625,Portrait,SA_BST_67661_A,SA_BST_67661_A,Rivervale,10,All / Universal,Yes,No,542163,Singapore
Outdoor > Bus Shelters,Stellar Ace SG,SA_BST_A_TF_82109,21359285,"SA_BST_A_TF_82109_Geylang Road_City Plaza, Geylang Rd",1.31518,103.89331,2160,3840,1,2160 x 3840,0.5625,Portrait,SA_BST_82109_A,SA_BST_82109_A,Geylang East,10,All / Universal,Yes,No,409286,Singapore
Outdoor > Bus Shelters,Stellar Ace SG,SA_BST_A_TF_59359,21359286,"SA_BST_A_TF_59359_Yishun Central_Blk 322, Yishun Central",1.42843,103.84071,2160,3840,1,2160 x 3840,0.5625,Portrait,SA_BST_59359_A,SA_BST_59359_A,Yishun East,10,All / Universal,Yes,No,760322,Singapore
Outdoor > Bus Shelters,Stellar Ace SG,SA_BST_A_TF_65191,21359288,SA_BST_A_TF_65191_TPE_Bef Punggol Rd,1.39508,103.9056,2160,3840,1,2160 x 3840,0.5625,Portrait,SA_BST_65191_A,SA_BST_65191_A,Rivervale,10,All / Universal,Yes,No,542188,Singapore
Outdoor > Bus Shelters,Stellar Ace SG,SA_BST_A_TF_47619,21359289,SA_BST_A_TF_47619_Woodlands Ave 7_Blk 688 CP,1.4443,103.80713,2160,3840,1,2160 x 3840,0.5625,Portrait,SA_BST_47619_A,SA_BST_47619_A,Woodlands East,10,All / Universal,Yes,No,730688,Singapore
Outdoor > Bus Shelters,Stellar Ace SG,SA_BST_A_TF_62139,21359291,SA_BST_A_TF_62139_Upper Serangoon Rd_S'Goon Stn Exit A/Blk 413,1.34912,103.87343,2160,3840,1,2160 x 3840,0.5625,Portrait,SA_BST_62139_A,SA_BST_62139_A,Upper Paya Lebar,10,All / Universal,Yes,No,550413,Singapore
Outdoor > Bus Shelters,Stellar Ace SG,SA_BST_A_TF_10261,21359294,SA_BST_A_TF_10261_Alexandra Rd_Delta Sports Hall,1.2909,103.82047,2160,3840,1,2160 x 3840,0.5625,Portrait,SA_BST_10261_A,SA_BST_10261_A,Henderson Hill,10,All / Universal,Yes,No,158790,Singapore
Outdoor > Bus Shelters,Stellar Ace SG,SA_BST_C_TF_76061,21359296,SA_BST_C_TF_76061_Tampines Ave 5_Blk 938,1.3482,103.94184,2160,3840,1,2160 x 3840,0.5625,Portrait,SA_BST_76061_C,SA_BST_76061_C,Tampines West,10,All / Universal,Yes,No,520938,Singapore
Outdoor > Bus Shelters,Stellar Ace SG,SA_BST_C_TF_76149,21359297,SA_BST_C_TF_76149_Tampines Ave 4_Opp Tampines Stn/Int,1.3537,103.94636,2160,3840,1,2160 x 3840,0.5625,Portrait,SA_BST_76149_C,SA_BST_76149_C,Tampines East,10,All / Universal,Yes,No,521242,Singapore
Outdoor > Bus Shelters,Stellar Ace SG,SA_BST_A_TF_46541,21359301,SA_BST_A_TF_46541_Woodlands Ave 3_Marsilling Mall,1.43328,103.78083,2160,3840,1,2160 x 3840,0.5625,Portrait,SA_BST_46541_A,SA_BST_46541_A,Woodlands West,10,All / Universal,Yes,No,738623,Singapore
Outdoor > Bus Shelters,Stellar Ace SG,SA_BST_C_TF_62189,21359307,SA_BST_C_TF_62189_Upp S'goon Rd_S'Goon Stn Exit D/Blk 416,1.35023,103.87438,2160,3840,1,2160 x 3840,0.5625,Portrait,SA_BST_62189_C,SA_BST_62189_C,Upper Paya Lebar,10,All / Universal,Yes,No,550416,Singapore
Outdoor > Bus Shelters,Stellar Ace SG,SA_BST_A_TF_82032,21359310,"SA_BST_A_TF_82032_Sims Ave_Blk 416, Sims Ave",1.31781,103.89746,2160,3840,1,2160 x 3840,0.5625,Portrait,SA_BST_82032_A,SA_BST_82032_A,Geylang East,10,All / Universal,Yes,No,400416,Singapore
Outdoor > Bus Shelters,Stellar Ace SG,SA_BST_C-Parallel_TF_59619,21359321,SA_BST_C-Parallel_TF_59619_Yishun Ctrl 2_Yishun Community Hosp,1.42346,103.83685,2160,3840,1,2160 x 3840,0.5625,Portrait,SA_BST_59619_C-Parallel,SA_BST_59619_C-Parallel,Yishun Central,10,All / Universal,Yes,No,768024,Singapore
Outdoor > Bus Shelters,Stellar Ace SG,SA_BST_C-Parallel_TF_8058,21359322,SA_BST_C-Parallel_TF_8058_Orchard Rd_Aft Dhoby Ghaut Stn,1.29902,103.8463,2160,3840,1,2160 x 3840,0.5625,Portrait,SA_BST_8058_C-Parallel,SA_BST_8058_C-Parallel,Dhoby Ghaut,10,All / Universal,Yes,No,238836,Singapore
Outdoor > Bus Shelters,Stellar Ace SG,SA_BST_A_TF_76131,21359323,SA_BST_A_TF_76131_Tampines Ave 4_UOB Tampines Ctr,1.35187,103.94253,2160,3840,1,2160 x 3840,0.5625,Portrait,SA_BST_76131_A,SA_BST_76131_A,Tampines East,10,All / Universal,Yes,No,529680,Singapore
Outdoor > Bus Shelters,Stellar Ace SG,SA_BST_A_TF_76099,21359324,SA_BST_A_TF_76099_Tampines Ave 2_Blk 285,1.35026,103.95249,2160,3840,1,2160 x 3840,0.5625,Portrait,SA_BST_76099_A,SA_BST_76099_A,Tampines East,10,All / Universal,Yes,No,520285,Singapore
Outdoor > Bus Shelters,Stellar Ace SG,SA_BST_A_TF_59091,21359325,SA_BST_A_TF_59091_Yishun Ave 2_Blk 154,1.43165,103.8351,2160,3840,1,2160 x 3840,0.5625,Portrait,SA_BST_59091_A,SA_BST_59091_A,Yishun West,10,All / Universal,Yes,No,760152,Singapore
Outdoor > Bus Shelters,Stellar Ace SG,SA_BST_C_TF_8057,21379819,SA_BST_C_TF_8057_Orchard Rd_Dhoby Ghaut Stn,1.29935,103.84527,2160,3840,1,2160 x 3840,0.5625,Portrait,SA_BST_8057_C,SA_BST_8057_C,Dhoby Ghaut,10,All / Universal,Yes,No,238890,Singapore
Outdoor > Bus Shelters,Stellar Ace SG,SA_BST_D_PF_8057,21379821,SA_BST_D_PF_8057_Orchard Rd_Dhoby Ghaut Stn,1.29935,103.84527,2160,3840,1,2160 x 3840,0.5625,Portrait,SA_BST_8057_D,SA_BST_8057_D,Dhoby Ghaut,10,All / Universal,Yes,Yes,238890,Singapore
retail.malls.concourse,JCDeaux,ION_B2_IL85_DDS01_1A,ION_B2_IL85_DDS01_1A,"ION Digital 85""",1.304535,103.832436,1080,1920,1,1920 x 1080,0.386111111,Portait,ION Orchard,ION Orchard,ION Orchard,10,All / Universal,Yes,Yes,,Singapore
retail.malls.concourse,JCDeaux,ION_B2_IL85_DDS01_1B,ION_B2_IL85_DDS01_1B,"ION Digital 85""",1.304535,103.832436,1080,1920,1,1920 x 1080,0.386111111,Portait,ION Orchard,ION Orchard,ION Orchard,10,All / Universal,Yes,Yes,,Singapore
retail.malls.concourse,JCDeaux,ION_B2_IL85_DDS02_1A,ION_B2_IL85_DDS02_1A,"ION Digital 85""",1.304586,103.83247,1080,1920,1,1920 x 1080,0.386111111,Portait,ION Orchard,ION Orchard,ION Orchard,10,All / Universal,Yes,Yes,,Singapore
retail.malls.concourse,JCDeaux,ION_B2_IL85_DDS02_1B,ION_B2_IL85_DDS02_1B,"ION Digital 85""",1.304586,103.83247,1080,1920,1,1920 x 1080,0.386111111,Portait,ION Orchard,ION Orchard,ION Orchard,10,All / Universal,Yes,Yes,,Singapore
retail.malls.concourse,JCDeaux,ION_B2_IL85_DS01_1_1,ION_B2_IL85_DS01_1_1,"ION Digital 85""",1.304438,103.832427,1080,1920,1,1920 x 1080,0.386111111,Portait,ION Orchard,ION Orchard,ION Orchard,10,All / Universal,Yes,Yes,,Singapore
retail.malls.concourse,JCDeaux,ION_B2_IL85_DS02_1_1,ION_B2_IL85_DS02_1_1,"ION Digital 85""",1.304469,103.832341,1080,1920,1,1920 x 1080,0.386111111,Portait,ION Orchard,ION Orchard,ION Orchard,10,All / Universal,Yes,Yes,,Singapore
retail.malls.concourse,JCDeaux,ION_B2_IL85_DS03_1_1,ION_B2_IL85_DS03_1_1,"ION Digital 85""",1.304845,103.832521,1080,1920,1,1920 x 1080,0.386111111,Portait,ION Orchard,ION Orchard,ION Orchard,10,All / Universal,Yes,Yes,,Singapore
retail.malls.concourse,JCDeaux,ION_B2_IL85_DS04_1_1,ION_B2_IL85_DS04_1_1,"ION Digital 85""",1.304774653,103.8314771,1080,1920,1,1920 x 1080,0.386111111,Portait,ION Orchard,ION Orchard,ION Orchard,10,All / Universal,Yes,Yes,,Singapore
retail.malls.concourse,JCDeaux,ION_B2_IL85_DS05_1_1,ION_B2_IL85_DS05_1_1,"ION Digital 85""",1.304774653,103.8314771,1080,1920,1,1920 x 1080,0.386111111,Portait,ION Orchard,ION Orchard,ION Orchard,10,All / Universal,Yes,Yes,,Singapore
retail.malls.concourse,JCDeaux,ION_B2_IL85_DS06_1_1,ION_B2_IL85_DS06_1_1,"ION Digital 85""",1.304805975,103.8314059,1080,1920,1,1920 x 1080,0.386111111,Portait,ION Orchard,ION Orchard,ION Orchard,10,All / Universal,Yes,Yes,,Singapore
retail.malls.concourse,JCDeaux,RC_L1_75_DMP01_1_1,RC_L1_75_DMP01_1_1,"Raffles City Digital 75""",1.29401,103.85337,1080,1920,1,1920 x 1080,0.386111111,Portait,Raffles City,Raffles City,Raffles City,10,All / Universal,Yes,Yes,,Singapore
retail.malls.concourse,JCDeaux,RC_L1_85_DMP02_1_1,RC_L1_85_DMP02_1_1,"Raffles City Digital 85""",1.29401,103.85337,1080,1920,1,1920 x 1080,0.386111111,Portait,Raffles City,Raffles City,Raffles City,10,All / Universal,Yes,Yes,,Singapore
retail.malls.concourse,JCDeaux,RC_L1_85_DMP03_1_1,RC_L1_85_DMP03_1_1,"Raffles City Digital 85""",1.29401,103.85337,1080,1920,1,1920 x 1080,0.386111111,Portait,Raffles City,Raffles City,Raffles City,10,All / Universal,Yes,Yes,,Singapore
retail.malls.concourse,JCDeaux,RC_L1_85_DMP04_1_1,RC_L1_85_DMP04_1_1,"Raffles City Digital 85""",1.29401,103.85337,1080,1920,1,1920 x 1080,0.386111111,Portait,Raffles City,Raffles City,Raffles City,10,All / Universal,Yes,Yes,,Singapore
retail.malls.concourse,JCDeaux,RC_L1_85_DMP05_1_1,RC_L1_85_DMP05_1_1,"Raffles City Digital 85""",1.29401,103.85337,1080,1920,1,1920 x 1080,0.386111111,Portait,Raffles City,Raffles City,Raffles City,10,All / Universal,Yes,Yes,,Singapore
retail.malls.concourse,JCDeaux,RC_L1_85_DMP06_1_1,RC_L1_85_DMP06_1_1,"Raffles City Digital 85""",1.29401,103.85337,1080,1920,1,1920 x 1080,0.386111111,Portait,Raffles City,Raffles City,Raffles City,10,All / Universal,Yes,Yes,,Singapore
retail.malls.concourse,JCDeaux,RC_L1_85_DMP07_1_1,RC_L1_85_DMP07_1_1,"Raffles City Digital 85""",1.29401,103.85337,1080,1920,1,1920 x 1080,0.386111111,Portait,Raffles City,Raffles City,Raffles City,10,All / Universal,Yes,Yes,,Singapore
retail.malls.concourse,JCDeaux,RC_L1_85_DMP08_1_1,RC_L1_85_DMP08_1_1,"Raffles City Digital 85""",1.29401,103.85337,1080,1920,1,1920 x 1080,0.386111111,Portait,Raffles City,Raffles City,Raffles City,10,All / Universal,Yes,Yes,,Singapore
retail.malls.concourse,JCDeaux,RC_L1_85_DMP09_1_1,RC_L1_85_DMP09_1_1,"Raffles City Digital 85""",1.29401,103.85337,1080,1920,1,1920 x 1080,0.386111111,Portait,Raffles City,Raffles City,Raffles City,10,All / Universal,Yes,Yes,,Singapore
Commercial > Retail > Mall,Focus Media SG,Ka1087,20944351,WWP Boardwalk LED,1.40643,103.90201,2304,512,1,2304 x 512,4.5,4.05,WWP Boardwalk LED,Punggol Town Centre,North-East Region,10,All / Universal,1,1,828761,Singapore
Commercial > Retail > Mall,SPH Media SG,929703057,20917037,i12Katong LED,1.30538,103.90524,1920,1000,1,1920 x 1000,1.92,1.728,i12Katong,Marine Parade,Central Region,30,All / Universal,1,1,427693,Singapore
Commercial > Retail > Mall,SPH Media SG,1021613729,20917033,HDB Indoor 1 - Sales Gallery,1.33344,103.84749,1080,1920,1,1080 x 1920,0.5625,0.50625,HDB Hub,Toa Payoh Central,Central Region,30,All / Universal,1,1,310520,Singapore
Commercial > Retail > Mall,SPH Media SG,1021613680,20917034,HDB Indoor 2 - Facing Maybank and Delifrance,1.33344,103.84749,1080,1920,1,1080 x 1920,0.5625,0.50625,HDB Hub,Toa Payoh Central,Central Region,30,All / Universal,1,1,310520,Singapore
Commercial > Retail > Mall,SPH Media SG,1021613716,20917035,HDB Indoor 3 - In front of Letterbox,1.33344,103.84749,1080,1920,1,1080 x 1920,0.5625,0.50625,HDB Hub,Toa Payoh Central,Central Region,30,All / Universal,1,1,310520,Singapore
Commercial > Retail > Mall,SPH Media SG,1021612663,20917036,HDB Indoor 4 - Near McD / Mobile shop,1.33344,103.84749,1080,1920,1,1080 x 1920,0.5625,0.50625,HDB Hub,Toa Payoh Central,Central Region,30,All / Universal,1,1,310520,Singapore
Outdoor > Billboards,SPH Media SG,696563164,19733798,Bedok Town Square LED,1.3255,103.93021,1920,1000,1,1920 x 1000,1.92,1.728,Bedok Town Square,Bedok North,East Region,30,All / Universal,1,1,460207,Singapore
Outdoor > Billboards,MediaCorp SG,806390816,21038383,Bugis Street - Vibrant lifestyle hub in the city,1.30016,103.855166,1920,1080,7,1920 x 1080,1.777777778,1.688888889,Bugis Street,Victoria,Central Region,15,All / Universal,1,1,189876,Singapore
Outdoor > Billboards,Plan B OOH SG,669377035,18996041,Velocity@Novena,1.319726,103.843688,768,1056,1,768 x 1056,0.727272727,0.654545455,Velocity@Newton,Moulmein,Central Region,15,All / Universal,1,1,307685,Singapore
Outdoor > Billboards,MediaCorp SG,806390196,21038381,OrchardGateway@Emerald - Singapore iconic shopping belt,1.301446,103.838941,1920,1080,1,1920 x 1080,1.777777778,1.688888889,Orchard Gateway,Somerset,Central Region,15,All / Universal,1,1,238850,Singapore
Outdoor > Billboards,SPH Media SG,701500122,19733800,Jurong Point LED - Middle Panel,1.34036,103.70682,455,256,1,455 x 256,1.77734375,1.599609375,Jurong Point,Jurong West Central,West Region,30,All / Universal,1,1,648886,Singapore
Transit > Bus Terminal,Moove Media SG,802971589,19936186,Yishun Boom,1.43037,103.835,1920,1080,1,1920 x 1080,1.777777778,1.6,Yishun Boom,Yishun West,North Region,15,All / Universal,1,1,760145,Singapore
