Screen ID,Unit ID,Screen name,Screen latitude,Screen longitude,Screen width (px),Screen height (px),Screen network,Site ID,Site name,Site location (city),Site region (state),Publisher,Venue type,Blocked IAB category,Spot length,Min spot length,Max spot length,Allowed languages,Country,Allow Image,Allow Video,Aspect Ratio,Dimensions (W x H),Media owner,Orientation,Physical screen count,Zip code
Ka0698,18738245,Buangkok Sq_(E),1.3838,103.882,1920,1080,Shopping Mall,Buangkok Square,Buangkok Square,Trafalgar,North-East Region,Focus Media SG,Retail > Mall,"IAB8,IAB22,IAB23,IAB24,IAB25,IAB26",10,5,64,English,SG Breakdown B2,NA,NA,NA,1920 x 1080,NA,NA,NA,NA
Ka0261,18738426,Rochester Mall (M) 1,1.30528,103.78839,1920,1080,Shopping Mall,Rochester Mall,Rochester Mall,One North,Central Region,Focus Media SG,Retail > Mall,"IAB21,IAB22,IAB23,IAB24,IAB25,IAB26",10,10,120,English,SG Breakdown B2,NA,NA,NA,1920 x 1080,NA,NA,NA,NA
Ka0262,18738427,Rochester Mall (M) 2,1.30528,103.78839,1920,1080,Shopping Mall,Rochester Mall,Rochester Mall,One North,Central Region,Focus Media SG,Retail > Mall,"IAB21,IAB22,IAB23,IAB24,IAB25,IAB26",10,10,120,English,SG Breakdown B2,NA,NA,NA,1920 x 1080,NA,NA,NA,NA
Ka0197,18771113,Junction 8 SC_(N),1.35032,103.84862,1920,1080,Shopping Mall,Junction 8 Shopping Centre,Junction 8 Shopping Centre,Bishan East,Central Region,Focus Media SG,Retail > Mall,"IAB20-18,IAB21,IAB22,IAB23,IAB24,IAB25,IAB26",10,10,120,English,SG Breakdown B2,NA,NA,NA,1920 x 1080,NA,NA,NA,NA
Ka0198,18771179,Broadway Plaza(M)_(N),1.37201,103.84603,1920,1080,Shopping Mall,Broadway Plaza,Broadway Plaza,Ang Mo Kio Town Centre,North-East Region,Focus Media SG,Retail > Mall,"IAB23,IAB24,IAB25,IAB26",10,5,64,English,SG Breakdown B2,NA,NA,NA,1920 x 1080,NA,NA,NA,NA
Ka0265,18771180,Dijitsun Mall (M)_(N),1.37288,103.84767,1920,1080,Shopping Mall,Djitsun Mall,Djitsun Mall,Ang Mo Kio Town Centre,North-East Region,Focus Media SG,Retail > Mall,"IAB7-1,IAB22,IAB23,IAB24,IAB25,IAB26",10,10,120,English,SG Breakdown B2,NA,NA,NA,1920 x 1080,NA,NA,NA,NA
Ka0178,18773003,Marina Ctry Club(MB)_(N),1.41594,103.89926,1920,1080,Shopping Mall,Marina Country Club,Marina Country Club,Northshore,North-East Region,Focus Media SG,Retail > Mall,"IAB6-3,IAB23,IAB24,IAB25,IAB26",10,5,64,All / Universal,SG Breakdown B2,NA,NA,NA,1920 x 1080,NA,NA,NA,NA
696563164,19733798,Bedok Town Square LED,1.3255,103.93021,1920,1000,SPHMBO Network,Bedok Town Square,Bedok Town Square,Bedok North,East Region,SPH Media SG,Outdoor > Billboards,,30,10,30,All / Universal,SG Breakdown B2,NA,NA,NA,1920 x 1000,NA,NA,NA,NA
Ka0781,19741664,Bedok Mall-RN1,1.32467,103.92941,1920,1080,Shopping Mall,Bedok Mall,Bedok Mall,Bedok North,East Region,Focus Media SG,Retail > Mall,"IAB20-18,IAB21,IAB22,IAB23,IAB24,IAB25,IAB26",10,5,64,All / Universal,SG Breakdown B2,NA,NA,NA,1920 x 1080,NA,NA,NA,NA
Ka0782,19741665,Bedok Mall-RN2,1.32467,103.92941,1920,1080,Shopping Mall,Bedok Mall,Bedok Mall,Bedok North,East Region,Focus Media SG,Retail > Mall,"IAB20-18,IAB21,IAB22,IAB23,IAB24,IAB25,IAB26",10,5,64,All / Universal,SG Breakdown B2,NA,NA,NA,1920 x 1080,NA,NA,NA,NA
Ka0783,19741666,Bedok Mall-RN3,1.32467,103.92941,1920,1080,Shopping Mall,Bedok Mall,Bedok Mall,Bedok North,East Region,Focus Media SG,Retail > Mall,"IAB20-18,IAB21,IAB22,IAB23,IAB24,IAB25,IAB26",10,5,64,All / Universal,SG Breakdown B2,NA,NA,NA,1920 x 1080,NA,NA,NA,NA
Ka0784,19741667,Bedok Mall-RN4,1.32467,103.92941,1920,1080,Shopping Mall,Bedok Mall,Bedok Mall,Bedok North,East Region,Focus Media SG,Retail > Mall,"IAB20-18,IAB21,IAB22,IAB23,IAB24,IAB25,IAB26",10,5,64,All / Universal,SG Breakdown B2,NA,NA,NA,1920 x 1080,NA,NA,NA,NA
Ka0785,19741668,Bedok Mall-RN5,1.32467,103.92941,1920,1080,Shopping Mall,Bedok Mall,Bedok Mall,Bedok North,East Region,Focus Media SG,Retail > Mall,"IAB20-18,IAB21,IAB22,IAB23,IAB24,IAB25,IAB26",10,5,64,All / Universal,SG Breakdown B2,NA,NA,NA,1920 x 1080,NA,NA,NA,NA
Ka0786,19741669,Bedok Mall-RN6,1.32467,103.92941,1920,1080,Shopping Mall,Bedok Mall,Bedok Mall,Bedok North,East Region,Focus Media SG,Retail > Mall,"IAB20-18,IAB21,IAB22,IAB23,IAB24,IAB25,IAB26",10,5,64,All / Universal,SG Breakdown B2,NA,NA,NA,1920 x 1080,NA,NA,NA,NA
Ka1087,20944351,WWP Boardwalk Banner,1.40643,103.90201,2304,512,Shopping Mall,WWP Boardwalk LED,WWP Boardwalk LED,Punggol Town Centre,North-East Region,Focus Media SG,Retail > Mall > Concourse,"IAB5,IAB22,IAB23,IAB24,IAB25,IAB26",10,5,64,All / Universal,SG Breakdown B2,NA,NA,NA,2304 x 512,NA,NA,NA,NA
806389979,21038378,The Star Vista,1.306807,103.785825,1920,1080,8 Mall Network,bb03115d-8911-40c2-beba-eef5b80fca14,The StarVista,One North,Central Region,MediaCorp SG,Retail > Mall > Spectacular,,15,5,210,All / Universal,SG Breakdown B2,NA,NA,NA,1920 x 1080,NA,NA,NA,NA
Ka1134,21124154,WWP Broadwalk TVC,1.40643,103.90201,1920,1080,Shopping Mall,WWP Boardwalk LED,WWP Boardwalk LED,Punggol Town Centre,North-East Region,Focus Media SG,Retail > Mall > Concourse,"IAB5,IAB22,IAB23,IAB24,IAB25,IAB26",10,5,64,All / Universal,SG Breakdown B2,NA,NA,NA,1920 x 1080,NA,NA,NA,NA
SA_BST_A_TF_62059,21198363,SA_BST_A_TF_62059_Upper Paya Lebar Road_160 Hougang St. 11,1.35179,103.87857,2160,3840,Bus Shelters,SA_BST_62059_A,SA_BST_62059_A,Lorong Ah Soo,North-East Region,Stellar Ace SG,Outdoor > Bus Shelters,,10,10,10,All / Universal,SG Breakdown B2,NA,NA,NA,2160 x 3840,NA,NA,NA,NA
SA_BST_A_TF_66379,21198364,SA_BST_A_TF_66379_Hougang Ave 8_Block 206,1.35339,103.87285,2160,3840,Bus Shelters,SA_BST_66379_A,SA_BST_66379_A,Serangoon Central,North-East Region,Stellar Ace SG,Outdoor > Bus Shelters,,10,10,10,All / Universal,SG Breakdown B2,NA,NA,NA,2160 x 3840,NA,NA,NA,NA
SA_BST_A_TF_54247,21198365,SA_BST_A_TF_54247_Ang Mo Kio Avenue 3_Block 322,1.36873,103.84719,2160,3840,Bus Shelters,SA_BST_54247_A,SA_BST_54247_A,Townsville,North-East Region,Stellar Ace SG,Outdoor > Bus Shelters,,10,10,10,All / Universal,SG Breakdown B2,NA,NA,NA,2160 x 3840,NA,NA,NA,NA
SA_BST_A_TF_53381,21198366,SA_BST_A_TF_53381_Bishan St 22_Bishan Nth Shop Mall,1.3583,103.84496,2160,3840,Bus Shelters,SA_BST_53381_A,SA_BST_53381_A,Marymount,Central Region,Stellar Ace SG,Outdoor > Bus Shelters,,10,10,10,All / Universal,SG Breakdown B2,NA,NA,NA,2160 x 3840,NA,NA,NA,NA
SA_BST_A_TF_28649,21198370,SA_BST_A_TF_28649_Toh Guan Road_Block 286A,1.33901,103.74603,2160,3840,Bus Shelters,SA_BST_28649_A,SA_BST_28649_A,Toh Guan,West Region,Stellar Ace SG,Outdoor > Bus Shelters,,10,10,10,All / Universal,SG Breakdown B2,NA,NA,NA,2160 x 3840,NA,NA,NA,NA
SA_BST_C_TF_28659,21198371,SA_BST_C_TF_28659_Toh Guan Rd_IMM Bldg,1.33451,103.74767,2160,3840,Bus Shelters,SA_BST_28659_C,SA_BST_28659_C,Toh Guan,West Region,Stellar Ace SG,Outdoor > Bus Shelters,,10,10,10,All / Universal,SG Breakdown B2,NA,NA,NA,2160 x 3840,NA,NA,NA,NA
SA_BST_A_TF_28301,21198372,SA_BST_A_TF_28301_Jurong Gateway Rd_Blk 131,1.33473,103.7403,2160,3840,Bus Shelters,SA_BST_28301_A,SA_BST_28301_A,Jurong Gateway,West Region,Stellar Ace SG,Outdoor > Bus Shelters,,10,10,10,All / Universal,SG Breakdown B2,NA,NA,NA,2160 x 3840,NA,NA,NA,NA
SA_BST_C_TF_54359,21198380,SA_BST_C_TF_54359_Ang Mo Kio Avenue 5_Block 502,1.37615,103.84999,2160,3840,Bus Shelters,SA_BST_54359_C,SA_BST_54359_C,Cheng San,North-East Region,Stellar Ace SG,Outdoor > Bus Shelters,,10,10,10,All / Universal,SG Breakdown B2,NA,NA,NA,2160 x 3840,NA,NA,NA,NA
SA_BST_C_TF_11401,21198383,SA_BST_C_TF_11401_Holland Ave_Holland V Stn/Blk 12,1.30906,103.79496,2160,3840,Bus Shelters,SA_BST_11401_C,SA_BST_11401_C,Holland Drive,Central Region,Stellar Ace SG,Outdoor > Bus Shelters,,10,10,10,All / Universal,SG Breakdown B2,NA,NA,NA,2160 x 3840,NA,NA,NA,NA
SA_BST_A_TF_11361,21198385,SA_BST_A_TF_11361_North Buona Vista Rd_Buona Vista Stn Exit C,1.3065,103.79054,2160,3840,Bus Shelters,SA_BST_11361_A,SA_BST_11361_A,One North,Central Region,Stellar Ace SG,Outdoor > Bus Shelters,,10,10,10,All / Universal,SG Breakdown B2,NA,NA,NA,2160 x 3840,NA,NA,NA,NA
SA_BST_C_TF_76229,21198400,SA_BST_C_TF_76229_Tampines Ave 7_Opposite Tampines East MRT Station,1.35613,103.95349,2160,3840,Bus Shelters,SA_BST_76229_C,SA_BST_76229_C,Tampines East,East Region,Stellar Ace SG,Outdoor > Bus Shelters,,10,10,10,All / Universal,SG Breakdown B2,NA,NA,NA,2160 x 3840,NA,NA,NA,NA
SA_BST_A_TF_62131,21198402,SA_BST_A_TF_62131_Upper Serangoon Rd_S'goon Stn Exit H,1.34911,103.87295,2160,3840,Bus Shelters,SA_BST_62131_A,SA_BST_62131_A,Serangoon Central,North-East Region,Stellar Ace SG,Outdoor > Bus Shelters,,10,10,10,All / Universal,SG Breakdown B2,NA,NA,NA,2160 x 3840,NA,NA,NA,NA
SA_BST_A_TF_53399,21198407,SA_BST_A_TF_53399_Bishan St 22_Blk 202,1.35464,103.84701,2160,3840,Bus Shelters,SA_BST_53399_A,SA_BST_53399_A,Marymount,Central Region,Stellar Ace SG,Outdoor > Bus Shelters,,10,10,10,All / Universal,SG Breakdown B2,NA,NA,NA,2160 x 3840,NA,NA,NA,NA
SA_BST_C_TF_11419,21198411,SA_BST_C_TF_11419_Holland Ave_Holland V Stn Exit A,1.3114,103.79607,2160,3840,Bus Shelters,SA_BST_11419_C,SA_BST_11419_C,Leedon Park,Central Region,Stellar Ace SG,Outdoor > Bus Shelters,,10,10,10,All / Universal,SG Breakdown B2,NA,NA,NA,2160 x 3840,NA,NA,NA,NA
SA_BST_A_TF_84031,21198421,SA_BST_A_TF_84031_New upper Changi Rd_Bedok Stn Exit B,1.32428,103.93003,2160,3840,Bus Shelters,SA_BST_84031_A,SA_BST_84031_A,Bedok North,East Region,Stellar Ace SG,Outdoor > Bus Shelters,,10,10,10,All / Universal,SG Breakdown B2,NA,NA,NA,2160 x 3840,NA,NA,NA,NA
SA_BST_C_TF_84039,21198438,SA_BST_C_TF_84039_New Upp Changi Rd_Bedok Stn Exit A,1.32353,103.92886,2160,3840,Bus Shelters,SA_BST_84039_C,SA_BST_84039_C,Frankel,East Region,Stellar Ace SG,Outdoor > Bus Shelters,,10,10,10,All / Universal,SG Breakdown B2,NA,NA,NA,2160 x 3840,NA,NA,NA,NA
SA_BST_A-Parallel_TF_11161,21198449,SA_BST_A_TF_11161_C'wealth Ave_C'Wealth Stn Exit A/D,1.30206,103.79835,2160,3840,Bus Shelters,SA_BST_11161_A-Parallel,SA_BST_11161_A-Parallel,Tanglin Halt,Central Region,Stellar Ace SG,Outdoor > Bus Shelters,,10,10,10,All / Universal,SG Breakdown B2,NA,NA,NA,2160 x 3840,NA,NA,NA,NA
SA_BST_A_TF_66371,21198451,SA_BST_A_TF_66371_S'goon Ctrl_Blk 261,1.35383,103.87266,2160,3840,Bus Shelters,SA_BST_66371_A,SA_BST_66371_A,Serangoon Central,North-East Region,Stellar Ace SG,Outdoor > Bus Shelters,,10,10,10,All / Universal,SG Breakdown B2,NA,NA,NA,2160 x 3840,NA,NA,NA,NA
SA_BST_A_TF_19019,21198457,SA_BST_A_TF_19019_C'wealth Ave West_Blk 27,1.30808,103.78471,2160,3840,Bus Shelters,SA_BST_19019_A,SA_BST_19019_A,Ghim Moh,Central Region,Stellar Ace SG,Outdoor > Bus Shelters,,10,10,10,All / Universal,SG Breakdown B2,NA,NA,NA,2160 x 3840,NA,NA,NA,NA
SA_BST_A_TF_66351,21198458,SA_BST_A_TF_66351_Serangoon Central_S'goon Stn Exit E,1.35049,103.87324,2160,3840,Bus Shelters,SA_BST_66351_A,SA_BST_66351_A,Serangoon Central,North-East Region,Stellar Ace SG,Outdoor > Bus Shelters,,10,10,10,All / Universal,SG Breakdown B2,NA,NA,NA,2160 x 3840,NA,NA,NA,NA
SA_BST_C_TF_28651,21198460,SA_BST_C_TF_28651_Toh Guan Rd_Opp IMM Bldg,1.33515,103.74794,2160,3840,Bus Shelters,SA_BST_28651_C,SA_BST_28651_C,Toh Guan,West Region,Stellar Ace SG,Outdoor > Bus Shelters,,10,10,10,All / Universal,SG Breakdown B2,NA,NA,NA,2160 x 3840,NA,NA,NA,NA
ds6055,21208969,DTL_Tampines _ Concourse_1 (DTL-TAM-C1),1.355025,103.943994,2160,3840,Moove Dynamic Rail - Train Stations,ds6055,Tampines,Tampines East,East Region,Moove Media SG,Transit > Train Stations > Train,,15,15,15,All / Universal,SG Breakdown B2,NA,NA,NA,2160 x 3840,NA,NA,NA,NA
ds6087,21208970,DTL_Tampines _ Concourse_2 (DTL-TAM-C2),1.355025,103.943994,2160,3840,Moove Dynamic Rail - Train Stations,ds6087,Tampines,Tampines East,East Region,Moove Media SG,Transit > Train Stations > Train,,15,15,15,All / Universal,SG Breakdown B2,NA,NA,NA,2160 x 3840,NA,NA,NA,NA
ds6024,21208971,DTL_Tampines East _ Concourse_1 (DTL-TPE-C1),1.356587,103.954685,2160,3840,Moove Dynamic Rail - Train Stations,ds6024,Tampines East,Tampines East,East Region,Moove Media SG,Transit > Train Stations > Train,,15,15,15,All / Universal,SG Breakdown B2,NA,NA,NA,2160 x 3840,NA,NA,NA,NA
ds6058,21208972,DTL_Tampines East _ Concourse_2 (DTL-TPE-C2),1.356587,103.954685,2160,3840,Moove Dynamic Rail - Train Stations,ds6058,Tampines East,Tampines East,East Region,Moove Media SG,Transit > Train Stations > Train,,15,15,15,All / Universal,SG Breakdown B2,NA,NA,NA,2160 x 3840,NA,NA,NA,NA
ds6078,21208976,LRT_Punggol _ Platform_1 (LRT-PGL-P1),1.405169,103.902356,2160,3840,Moove Dynamic Rail - Train Stations,ds6078,Punggol,Matilda,North-East Region,Moove Media SG,Transit > Train Stations > Train,,15,15,15,All / Universal,SG Breakdown B2,NA,NA,NA,2160 x 3840,NA,NA,NA,NA
ds6110,21208979,NEL_Buangkok _ Concourse_1 (NEL-BGK-C1),1.383063,103.893748,2160,3840,Moove Dynamic Rail - Train Stations,ds6110,Buangkok,Compassvale,North-East Region,Moove Media SG,Transit > Train Stations > Train,,15,15,15,All / Universal,SG Breakdown B2,NA,NA,NA,2160 x 3840,NA,NA,NA,NA
ds6105,21208980,NEL_Buangkok _ Concourse_2 (NEL-BGK-C2),1.383063,103.893347,2160,3840,Moove Dynamic Rail - Train Stations,ds6105,Buangkok,Compassvale,North-East Region,Moove Media SG,Transit > Train Stations > Train,,15,15,15,All / Universal,SG Breakdown B2,NA,NA,NA,2160 x 3840,NA,NA,NA,NA
ds6043,21209013,NEL_Punggol _ Concourse_1 (NEL-PGL-C1),1.405169,103.902356,2160,3840,Moove Dynamic Rail - Train Stations,ds6043,Punggol,Matilda,North-East Region,Moove Media SG,Transit > Train Stations > Train,,15,15,15,All / Universal,SG Breakdown B2,NA,NA,NA,2160 x 3840,NA,NA,NA,NA
ds6020,21209014,NEL_Sengkang _ Concourse_1 (NEL-SKG-C1),1.39166,103.895475,2160,3840,Moove Dynamic Rail - Train Stations,ds6020,Sengkang,Sengkang Town Centre,North-East Region,Moove Media SG,Transit > Train Stations > Train,,15,15,15,All / Universal,SG Breakdown B2,NA,NA,NA,2160 x 3840,NA,NA,NA,NA
ds6070,21209015,NEL_Sengkang _ Concourse_2 (NEL-SKG-C2),1.39166,103.895475,2160,3840,Moove Dynamic Rail - Train Stations,ds6070,Sengkang,Sengkang Town Centre,North-East Region,Moove Media SG,Transit > Train Stations > Train,,15,15,15,All / Universal,SG Breakdown B2,NA,NA,NA,2160 x 3840,NA,NA,NA,NA
ds6080,21209016,NEL_Sengkang _ Concourse_3 (NEL-SKG-C3),1.39166,103.895475,2160,3840,Moove Dynamic Rail - Train Stations,ds6080,Sengkang,Sengkang Town Centre,North-East Region,Moove Media SG,Transit > Train Stations > Train,,15,15,15,All / Universal,SG Breakdown B2,NA,NA,NA,2160 x 3840,NA,NA,NA,NA
ds6036,21209017,NEL_Sengkang _ Platform_1 (NEL-SKG-P1),1.39166,103.895475,2160,3840,Moove Dynamic Rail - Train Stations,ds6036,Sengkang,Sengkang Town Centre,North-East Region,Moove Media SG,Transit > Train Stations > Train,,15,15,15,All / Universal,SG Breakdown B2,NA,NA,NA,2160 x 3840,NA,NA,NA,NA
ds6062,21209018,NEL_Serangoon _ Concourse_1 (NEL-SER-C1),1.349965,103.873433,2160,3840,Moove Dynamic Rail - Train Stations,ds6062,Serangoon,Serangoon Central,North-East Region,Moove Media SG,Transit > Train Stations > Train,,15,15,15,All / Universal,SG Breakdown B2,NA,NA,NA,2160 x 3840,NA,NA,NA,NA
ds6034,21209019,NEL_Serangoon _ Concourse_2 (NEL-SER-C2),1.349965,103.873433,2160,3840,Moove Dynamic Rail - Train Stations,ds6034,Serangoon,Serangoon Central,North-East Region,Moove Media SG,Transit > Train Stations > Train,,15,15,15,All / Universal,SG Breakdown B2,NA,NA,NA,2160 x 3840,NA,NA,NA,NA
ds6069,21209020,NEL_Serangoon _ Concourse_3 (NEL-SER-C3),1.349965,103.873433,2160,3840,Moove Dynamic Rail - Train Stations,ds6069,Serangoon,Serangoon Central,North-East Region,Moove Media SG,Transit > Train Stations > Train,,15,15,15,All / Universal,SG Breakdown B2,NA,NA,NA,2160 x 3840,NA,NA,NA,NA
ds6045,21209021,NEL_Serangoon _ Platform_1 (NEL-SER-P1),1.349965,103.873433,2160,3840,Moove Dynamic Rail - Train Stations,ds6045,Serangoon,Serangoon Central,North-East Region,Moove Media SG,Transit > Train Stations > Train,,15,15,15,All / Universal,SG Breakdown B2,NA,NA,NA,2160 x 3840,NA,NA,NA,NA
ds6112,21213384,DTL_Tampines _ Concourse_3 (DTL-TAM-C3),1.355025,103.943994,2160,3840,Moove Dynamic Rail - Train Stations,ds6112,Tampines,Tampines East,East Region,Moove Media SG,Transit > Train Stations > Train,,15,15,15,All / Universal,SG Breakdown B2,NA,NA,NA,2160 x 3840,NA,NA,NA,NA
ds6124,21218359,DTL_Tampines West _ Concourse_1 (DTL-TPW-C1),1.345599,103.938226,2160,3840,Moove Dynamic Rail - Train Stations,ds6124,Tampines West,Tampines West,East Region,Moove Media SG,Transit > Train Stations > Train,,15,15,15,All / Universal,SG Breakdown B2,NA,NA,NA,2160 x 3840,NA,NA,NA,NA
ds6115,21218402,NEL_Punggol Coast _ Platform_1 (NEL-PGC-P1),1.41528,103.9102,2160,3840,Moove Dynamic Rail - Train Stations,ds6115,Punggol Coast,Northshore,North-East Region,Moove Media SG,Transit > Train Stations > Train,,15,15,15,All / Universal,SG Breakdown B2,NA,NA,NA,2160 x 3840,NA,NA,NA,NA
ds6102,21218403,NEL_Punggol Coast _ Concourse_1 (NEL-PGC-UC1),1.41528,103.9102,2160,3840,Moove Dynamic Rail - Train Stations,ds6102,Punggol Coast,Northshore,North-East Region,Moove Media SG,Transit > Train Stations > Train,,15,15,15,All / Universal,SG Breakdown B2,NA,NA,NA,2160 x 3840,NA,NA,NA,NA
cab_zone_1,21291015,Bedok,1.324047,103.928409,960,240,Moove Dynamic Cab,cab_zone_1,Dynamic Cab - Zone 1,Bedok North,East Region,Moove Media SG,Transit > Taxi & Rideshare Top,,15,5,15,All / Universal,SG Breakdown B2,NA,NA,NA,960 x 240,NA,NA,NA,NA
cab_zone_19,21291032,Punggol,1.405364,103.910046,960,240,Moove Dynamic Cab,cab_zone_19,Dynamic Cab - Zone 19,Waterway East,North-East Region,Moove Media SG,Transit > Taxi & Rideshare Top,,15,5,15,All / Universal,SG Breakdown B2,NA,NA,NA,960 x 240,NA,NA,NA,NA
cab_zone_29,21291041,Bishan,1.354955,103.840436,960,240,Moove Dynamic Cab,cab_zone_29,Dynamic Cab - Zone 29,Upper Thomson,Central Region,Moove Media SG,Transit > Taxi & Rideshare Top,,15,5,15,All / Universal,SG Breakdown B2,NA,NA,NA,960 x 240,NA,NA,NA,NA
cab_zone_49,21291061,Sengkang,1.391279,103.887708,960,240,Moove Dynamic Cab,cab_zone_49,Dynamic Cab - Zone 49,Anchorvale,North-East Region,Moove Media SG,Transit > Taxi & Rideshare Top,,15,5,15,All / Universal,SG Breakdown B2,NA,NA,NA,960 x 240,NA,NA,NA,NA
SA_BST_A_TF_76051,21325522,SA_BST_A_TF_76051_Tampines Ave 5_Our Tampines Hub,1.35313,103.94126,2160,3840,Bus Shelters,SA_BST_76051_A,SA_BST_76051_A,Tampines West,East Region,Stellar Ace SG,Outdoor > Bus Shelters,,10,10,10,English,SG Breakdown B2,NA,NA,NA,2160 x 3840,NA,NA,NA,NA
SA_BST_A_TF_67401,21325529,SA_BST_A_TF_67401_Sengkang East Way_Opp Sengkang Stn/Blk 260A,1.39294,103.89531,2160,3840,Bus Shelters,SA_BST_67401_A,SA_BST_67401_A,Sengkang Town Centre,North-East Region,Stellar Ace SG,Outdoor > Bus Shelters,,10,10,10,All / Universal,SG Breakdown B2,NA,NA,NA,2160 x 3840,NA,NA,NA,NA
SA_BST_A_TF_75239,21325533,SA_BST_A_TF_75239_Tampines Ave 1_Temasek Poly,1.34675,103.93257,2160,3840,Bus Shelters,SA_BST_75239_A,SA_BST_75239_A,Tampines West,East Region,Stellar Ace SG,Outdoor > Bus Shelters,,10,10,10,All / Universal,SG Breakdown B2,NA,NA,NA,2160 x 3840,NA,NA,NA,NA
SA_BST_C_TF_53239,21325538,SA_BST_C_TF_53239_Bishan Rd_Opp Bishan Stn,1.351,103.84764,2160,3840,Bus Shelters,SA_BST_53239_C,SA_BST_53239_C,Marymount,Central Region,Stellar Ace SG,Outdoor > Bus Shelters,,10,10,10,All / Universal,SG Breakdown B2,NA,NA,NA,2160 x 3840,NA,NA,NA,NA
SA_BST_A_TF_84029,21325576,"SA_BST_A_TF_84029_New Upper Changi Rd_Opp Blk 32, New Upp Changi Rd",1.32295,103.92517,2160,3840,Bus Shelters,SA_BST_84029_A,SA_BST_84029_A,Frankel,East Region,Stellar Ace SG,Outdoor > Bus Shelters,,10,10,10,All / Universal,SG Breakdown B2,NA,NA,NA,2160 x 3840,NA,NA,NA,NA
SA_BST_A_TF_75051,21325578,SA_BST_A_TF_75051_Tampines Ave 1_Tampines West Stn Exit B,1.34503,103.94007,2160,3840,Bus Shelters,SA_BST_75051_A,SA_BST_75051_A,Tampines West,East Region,Stellar Ace SG,Outdoor > Bus Shelters,,10,10,10,All / Universal,SG Breakdown B2,NA,NA,NA,2160 x 3840,NA,NA,NA,NA
SA_BST_A_TF_76249,21325579,"SA_BST_A_TF_76249_Tampines Ave 7_Blk 370, Tampines Ave 7",1.35834,103.9595,2160,3840,Bus Shelters,SA_BST_76249_A,SA_BST_76249_A,Tampines East,East Region,Stellar Ace SG,Outdoor > Bus Shelters,,10,10,10,All / Universal,SG Breakdown B2,NA,NA,NA,2160 x 3840,NA,NA,NA,NA
SA_BST_A_TF_76239,21325580,"SA_BST_A_TF_76239_Tampines Ave 7_Blk 390, Tampines Ave 7",1.35649,103.95755,2160,3840,Bus Shelters,SA_BST_76239_A,SA_BST_76239_A,Tampines East,East Region,Stellar Ace SG,Outdoor > Bus Shelters,,10,10,10,All / Universal,SG Breakdown B2,NA,NA,NA,2160 x 3840,NA,NA,NA,NA
SA_BST_C_TF_76059,21325581,SA_BST_C_TF_76059_Tampines Ave 5_Opp Our Tampines Hub,1.35298,103.94167,2160,3840,Bus Shelters,SA_BST_76059_C,SA_BST_76059_C,Tampines East,East Region,Stellar Ace SG,Outdoor > Bus Shelters,,10,10,10,All / Universal,SG Breakdown B2,NA,NA,NA,2160 x 3840,NA,NA,NA,NA
SA_BST_A_TF_76199,21325582,"SA_BST_A_TF_76199_Tampines Ave 7_Blk 503, Tampines Ave 7",1.3566,103.94535,2160,3840,Bus Shelters,SA_BST_76199_A,SA_BST_76199_A,Tampines East,East Region,Stellar Ace SG,Outdoor > Bus Shelters,,10,10,10,All / Universal,SG Breakdown B2,NA,NA,NA,2160 x 3840,NA,NA,NA,NA
SA_BST_A_TF_76109,21325583,"SA_BST_A_TF_76109_Tampines Ave 2_Blk 302, Tampines Ave 2",1.35298,103.95507,2160,3840,Bus Shelters,SA_BST_76109_A,SA_BST_76109_A,Tampines East,East Region,Stellar Ace SG,Outdoor > Bus Shelters,,10,10,10,All / Universal,SG Breakdown B2,NA,NA,NA,2160 x 3840,NA,NA,NA,NA
SA_BST_A_TF_54371,21325601,"SA_BST_A_TF_54371_Ang Mo Kio Ave 10_Blk 409 Mkt/Fc, Ang Mo Kio Ave 10",1.36238,103.85568,2160,3840,Bus Shelters,SA_BST_54371_A,SA_BST_54371_A,Chong Boon,North-East Region,Stellar Ace SG,Outdoor > Bus Shelters,,10,10,10,All / Universal,SG Breakdown B2,NA,NA,NA,2160 x 3840,NA,NA,NA,NA
SA_BST_A_TF_76221,21325618,SA_BST_A_TF_76221_Tampines Ave 7_Tampines East Stn Exit A,1.35638,103.95393,2160,3840,Bus Shelters,SA_BST_76221_A,SA_BST_76221_A,Tampines East,East Region,Stellar Ace SG,Outdoor > Bus Shelters,,10,10,10,All / Universal,SG Breakdown B2,NA,NA,NA,2160 x 3840,NA,NA,NA,NA
SA_BST_C-Parallel_TF_76351,21325619,SA_BST_C-Parallel_TF_76351_Tampines Ave 9_Blk 484,1.36213,103.95309,2160,3840,Bus Shelters,SA_BST_76351_C-Parallel,SA_BST_76351_C-Parallel,Tampines East,East Region,Stellar Ace SG,Outdoor > Bus Shelters,,10,10,10,All / Universal,SG Breakdown B2,NA,NA,NA,2160 x 3840,NA,NA,NA,NA
SA_BST_A_TF_65331,21325624,"SA_BST_A_TF_65331_Punggol Field_Opp Blk 268d, Punggol Field",1.40275,103.89847,2160,3840,Bus Shelters,SA_BST_65331_A,SA_BST_65331_A,Matilda,North-East Region,Stellar Ace SG,Outdoor > Bus Shelters,,10,10,10,All / Universal,SG Breakdown B2,NA,NA,NA,2160 x 3840,NA,NA,NA,NA
SA_BST_C_TF_67271,21325627,"SA_BST_C_TF_67271_Sengkang East Rd_Blk 201 Cp, Sengkang East Rd",1.38825,103.89209,2160,3840,Bus Shelters,SA_BST_67271_C,SA_BST_67271_C,Sengkang Town Centre,North-East Region,Stellar Ace SG,Outdoor > Bus Shelters,,10,10,10,All / Universal,SG Breakdown B2,NA,NA,NA,2160 x 3840,NA,NA,NA,NA
SA_BST_A_TF_64621,21325630,"SA_BST_A_TF_64621_Buangkok Green_Blk 565, Buangkok Green",1.38133,103.88818,2160,3840,Bus Shelters,SA_BST_64621_A,SA_BST_64621_A,Hougang West,North-East Region,Stellar Ace SG,Outdoor > Bus Shelters,,10,10,10,All / Universal,SG Breakdown B2,NA,NA,NA,2160 x 3840,NA,NA,NA,NA
SA_BST_A_TF_84019,21325639,SA_BST_A_TF_84019_New Upp Changi Rd_Opp Chai Chee Ind Pk,1.32222,103.92262,2160,3840,Bus Shelters,SA_BST_84019_A,SA_BST_84019_A,Frankel,East Region,Stellar Ace SG,Outdoor > Bus Shelters,,10,10,10,All / Universal,SG Breakdown B2,NA,NA,NA,2160 x 3840,NA,NA,NA,NA
SA_BST_A_TF_67591,21325641,"SA_BST_A_TF_67591_Sengkang East Rd_Blk 286b, Sengkang East Rd",1.39797,103.89543,2160,3840,Bus Shelters,SA_BST_67591_A,SA_BST_67591_A,Sengkang Town Centre,North-East Region,Stellar Ace SG,Outdoor > Bus Shelters,,10,10,10,All / Universal,SG Breakdown B2,NA,NA,NA,2160 x 3840,NA,NA,NA,NA
SA_BST_C_TF_75081,21325646,SA_BST_C_TF_75081_Tampines Ave 3_Blk 831,1.34986,103.93426,2160,3840,Bus Shelters,SA_BST_75081_C,SA_BST_75081_C,Tampines West,East Region,Stellar Ace SG,Outdoor > Bus Shelters,,10,10,10,All / Universal,SG Breakdown B2,NA,NA,NA,2160 x 3840,NA,NA,NA,NA
SA_BST_A_TF_54289,21325648,SA_BST_A_TF_54289_Ang Mo Kio Ave 3_Blk 452,1.36914,103.85598,2160,3840,Bus Shelters,SA_BST_54289_A,SA_BST_54289_A,Chong Boon,North-East Region,Stellar Ace SG,Outdoor > Bus Shelters,,10,10,10,All / Universal,SG Breakdown B2,NA,NA,NA,2160 x 3840,NA,NA,NA,NA
SA_BST_A_TF_54331,21359209,"SA_BST_A_TF_54331_Ang Mo Kio Ave 8_Blk 346, Ang Mo Kio Ave 8",1.36719,103.85057,2160,3840,Bus Shelters,SA_BST_54331_A,SA_BST_54331_A,Townsville,North-East Region,Stellar Ace SG,Outdoor > Bus Shelters,,10,10,10,All / Universal,SG Breakdown B2,NA,NA,NA,2160 x 3840,NA,NA,NA,NA
SA_BST_B_PF_54331,21359210,"SA_BST_B_PF_54331_Ang Mo Kio Ave 8_Blk 346, Ang Mo Kio Ave 8",1.36719,103.85057,2160,3840,Bus Shelters,SA_BST_54331_B,SA_BST_54331_B,Townsville,North-East Region,Stellar Ace SG,Outdoor > Bus Shelters,,10,10,10,All / Universal,SG Breakdown B2,NA,NA,NA,2160 x 3840,NA,NA,NA,NA
SA_BST_A_TF_65339,21359212,"SA_BST_A_TF_65339_Punggol Field_Blk 268c, Punggol Field",1.40324,103.89803,2160,3840,Bus Shelters,SA_BST_65339_A,SA_BST_65339_A,Matilda,North-East Region,Stellar Ace SG,Outdoor > Bus Shelters,,10,10,10,All / Universal,SG Breakdown B2,NA,NA,NA,2160 x 3840,NA,NA,NA,NA
SA_BST_A-Parallel_TF_84301,21359231,"SA_BST_A-Parallel_TF_84301_Bedok North Ave 1_Blk 41, Bedok North Ave 1",1.32777,103.92659,2160,3840,Bus Shelters,SA_BST_84301_A-Parallel,SA_BST_84301_A-Parallel,Kembangan,East Region,Stellar Ace SG,Outdoor > Bus Shelters,,10,10,10,All / Universal,SG Breakdown B2,NA,NA,NA,2160 x 3840,NA,NA,NA,NA
SA_BST_A_TF_76359,21359250,SA_BST_A_TF_76359_Tampines Ave 9_Blk 493B,1.36211,103.95217,2160,3840,Bus Shelters,SA_BST_76359_A,SA_BST_76359_A,Tampines East,East Region,Stellar Ace SG,Outdoor > Bus Shelters,,10,10,10,All / Universal,SG Breakdown B2,NA,NA,NA,2160 x 3840,NA,NA,NA,NA
SA_BST_C_TF_67599,21359257,SA_BST_C_TF_67599_Sengkang East Rd_Opp Blk 293D,1.39708,103.89479,2160,3840,Bus Shelters,SA_BST_67599_C,SA_BST_67599_C,Anchorvale,North-East Region,Stellar Ace SG,Outdoor > Bus Shelters,,10,10,10,All / Universal,SG Breakdown B2,NA,NA,NA,2160 x 3840,NA,NA,NA,NA
SA_BST_A_TF_11369,21359264,SA_BST_A_TF_11369_North Buona Vista Rd_Buona Vista Stn Exit D,1.30643,103.7909,2160,3840,Bus Shelters,SA_BST_11369_A,SA_BST_11369_A,One North,Central Region,Stellar Ace SG,Outdoor > Bus Shelters,,10,10,10,All / Universal,SG Breakdown B2,NA,NA,NA,2160 x 3840,NA,NA,NA,NA
SA_BST_A_TF_67619,21359267,"SA_BST_A_TF_67619_Sengkang Central_Blk 201c, Sengkang Central",1.38776,103.89401,2160,3840,Bus Shelters,SA_BST_67619_A,SA_BST_67619_A,Sengkang Town Centre,North-East Region,Stellar Ace SG,Outdoor > Bus Shelters,,10,10,10,All / Universal,SG Breakdown B2,NA,NA,NA,2160 x 3840,NA,NA,NA,NA
SA_BST_A_TF_65061,21359275,SA_BST_A_TF_65061_Punggol Rd_Blk 298A,1.3949,103.90186,2160,3840,Bus Shelters,SA_BST_65061_A,SA_BST_65061_A,Sengkang Town Centre,North-East Region,Stellar Ace SG,Outdoor > Bus Shelters,,10,10,10,All / Universal,SG Breakdown B2,NA,NA,NA,2160 x 3840,NA,NA,NA,NA
SA_BST_A_TF_65069,21359280,SA_BST_A_TF_65069_Punggol Rd_Blk 190C,1.39504,103.90236,2160,3840,Bus Shelters,SA_BST_65069_A,SA_BST_65069_A,Rivervale,North-East Region,Stellar Ace SG,Outdoor > Bus Shelters,,10,10,10,All / Universal,SG Breakdown B2,NA,NA,NA,2160 x 3840,NA,NA,NA,NA
SA_BST_A_TF_76231,21359281,SA_BST_A_TF_76231_Tampines Ave 7_Opp Blk 390,1.35666,103.95735,2160,3840,Bus Shelters,SA_BST_76231_A,SA_BST_76231_A,Tampines East,East Region,Stellar Ace SG,Outdoor > Bus Shelters,,10,10,10,All / Universal,SG Breakdown B2,NA,NA,NA,2160 x 3840,NA,NA,NA,NA
SA_BST_A_TF_76141,21359282,SA_BST_A_TF_76141_Tampines Ave 4_Tampines Stn/Int,1.35366,103.94609,2160,3840,Bus Shelters,SA_BST_76141_A,SA_BST_76141_A,Tampines East,East Region,Stellar Ace SG,Outdoor > Bus Shelters,,10,10,10,All / Universal,SG Breakdown B2,NA,NA,NA,2160 x 3840,NA,NA,NA,NA
SA_BST_A_TF_62139,21359291,SA_BST_A_TF_62139_Upper Serangoon Rd_S'Goon Stn Exit A/Blk 413,1.34912,103.87343,2160,3840,Bus Shelters,SA_BST_62139_A,SA_BST_62139_A,Upper Paya Lebar,North-East Region,Stellar Ace SG,Outdoor > Bus Shelters,,10,10,10,All / Universal,SG Breakdown B2,NA,NA,NA,2160 x 3840,NA,NA,NA,NA
SA_BST_C_TF_76061,21359296,SA_BST_C_TF_76061_Tampines Ave 5_Blk 938,1.3482,103.94184,2160,3840,Bus Shelters,SA_BST_76061_C,SA_BST_76061_C,Tampines West,East Region,Stellar Ace SG,Outdoor > Bus Shelters,,10,10,10,All / Universal,SG Breakdown B2,NA,NA,NA,2160 x 3840,NA,NA,NA,NA
SA_BST_C_TF_76149,21359297,SA_BST_C_TF_76149_Tampines Ave 4_Opp Tampines Stn/Int,1.3537,103.94636,2160,3840,Bus Shelters,SA_BST_76149_C,SA_BST_76149_C,Tampines East,East Region,Stellar Ace SG,Outdoor > Bus Shelters,,10,10,10,All / Universal,SG Breakdown B2,NA,NA,NA,2160 x 3840,NA,NA,NA,NA
SA_BST_C_TF_62189,21359307,SA_BST_C_TF_62189_Upp S'goon Rd_S'Goon Stn Exit D/Blk 416,1.35023,103.87438,2160,3840,Bus Shelters,SA_BST_62189_C,SA_BST_62189_C,Upper Paya Lebar,North-East Region,Stellar Ace SG,Outdoor > Bus Shelters,,10,10,10,All / Universal,SG Breakdown B2,NA,NA,NA,2160 x 3840,NA,NA,NA,NA
SA_BST_A_TF_62229,21359308,SA_BST_A_TF_62229_Lor Ah Soo_The Minton,1.35109,103.88212,2160,3840,Bus Shelters,SA_BST_62229_A,SA_BST_62229_A,Lorong Ah Soo,North-East Region,Stellar Ace SG,Outdoor > Bus Shelters,,10,10,10,All / Universal,SG Breakdown B2,NA,NA,NA,2160 x 3840,NA,NA,NA,NA
SA_BST_A_TF_76131,21359323,SA_BST_A_TF_76131_Tampines Ave 4_UOB Tampines Ctr,1.35187,103.94253,2160,3840,Bus Shelters,SA_BST_76131_A,SA_BST_76131_A,Tampines East,East Region,Stellar Ace SG,Outdoor > Bus Shelters,,10,10,10,All / Universal,SG Breakdown B2,NA,NA,NA,2160 x 3840,NA,NA,NA,NA
SA_BST_A_TF_76099,21359324,SA_BST_A_TF_76099_Tampines Ave 2_Blk 285,1.35026,103.95249,2160,3840,Bus Shelters,SA_BST_76099_A,SA_BST_76099_A,Tampines East,East Region,Stellar Ace SG,Outdoor > Bus Shelters,,10,10,10,All / Universal,SG Breakdown B2,NA,NA,NA,2160 x 3840,NA,NA,NA,NA
SA_BST_D_PF_53239,21379818,SA_BST_D_PF_53239_Bishan Rd_Opp Bishan Stn,1.351,103.84764,2160,3840,Bus Shelters,SA_BST_53239_D,SA_BST_53239_D,Marymount,Central Region,Stellar Ace SG,Outdoor > Bus Shelters,,10,10,10,All / Universal,SG Breakdown B2,NA,NA,NA,2160 x 3840,NA,NA,NA,NA
Ka1166,21426565,Tampines Mall - Lift Lobby A B1,1.35266,103.94525,1920,1080,Shopping Mall,Tampines Mall,Tampines Mall,Tampines East,East Region,Focus Media SG,Retail > Mall,"IAB1-5,IAB20-18,IAB21,IAB22,IAB23,IAB24,IAB25,IAB26",10,5,64,All / Universal,SG Breakdown B2,NA,NA,NA,1920 x 1080,NA,NA,NA,NA
Ka1167,21426566,Tampines Mall - Lift Lobby A B2,1.35266,103.94525,1920,1080,Shopping Mall,Tampines Mall,Tampines Mall,Tampines East,East Region,Focus Media SG,Retail > Mall,"IAB1-5,IAB20-18,IAB21,IAB22,IAB23,IAB24,IAB25,IAB26",10,5,64,All / Universal,SG Breakdown B2,NA,NA,NA,1920 x 1080,NA,NA,NA,NA
Ka1168,21426567,Tampines Mall - Lift Lobby A B3,1.35266,103.94525,1920,1080,Shopping Mall,Tampines Mall,Tampines Mall,Tampines East,East Region,Focus Media SG,Retail > Mall,"IAB1-5,IAB20-18,IAB21,IAB22,IAB23,IAB24,IAB25,IAB26",10,5,64,All / Universal,SG Breakdown B2,NA,NA,NA,1920 x 1080,NA,NA,NA,NA
Ka1169,21426568,Tampines Mall - Lift Lobby A L1,1.35266,103.94525,1920,1080,Shopping Mall,Tampines Mall,Tampines Mall,Tampines East,East Region,Focus Media SG,Retail > Mall,"IAB1-5,IAB20-18,IAB21,IAB22,IAB23,IAB24,IAB25,IAB26",10,5,64,All / Universal,SG Breakdown B2,NA,NA,NA,1920 x 1080,NA,NA,NA,NA
Ka1170,21426569,Tampines Mall - Lift Lobby A L2,1.35266,103.94525,1920,1080,Shopping Mall,Tampines Mall,Tampines Mall,Tampines East,East Region,Focus Media SG,Retail > Mall,"IAB1-5,IAB20-18,IAB21,IAB22,IAB23,IAB24,IAB25,IAB26",10,5,64,All / Universal,SG Breakdown B2,NA,NA,NA,1920 x 1080,NA,NA,NA,NA
Ka1171,21426570,Tampines Mall - Lift Lobby A L3,1.35266,103.94525,1920,1080,Shopping Mall,Tampines Mall,Tampines Mall,Tampines East,East Region,Focus Media SG,Retail > Mall,"IAB1-5,IAB20-18,IAB21,IAB22,IAB23,IAB24,IAB25,IAB26",10,5,64,All / Universal,SG Breakdown B2,NA,NA,NA,1920 x 1080,NA,NA,NA,NA
Ka1172,21426571,Tampines Mall - Lift Lobby A L4,1.35266,103.94525,1920,1080,Shopping Mall,Tampines Mall,Tampines Mall,Tampines East,East Region,Focus Media SG,Retail > Mall,"IAB1-5,IAB20-18,IAB21,IAB22,IAB23,IAB24,IAB25,IAB26",10,5,64,All / Universal,SG Breakdown B2,NA,NA,NA,1920 x 1080,NA,NA,NA,NA
Ka1173,21426572,Tampines Mall - Lift Lobby A L5,1.35266,103.94525,1920,1080,Shopping Mall,Tampines Mall,Tampines Mall,Tampines East,East Region,Focus Media SG,Retail > Mall,"IAB1-5,IAB20-18,IAB21,IAB22,IAB23,IAB24,IAB25,IAB26",10,5,64,All / Universal,SG Breakdown B2,NA,NA,NA,1920 x 1080,NA,NA,NA,NA
Ka1174,21426573,Tampines Mall - Lift Lobby B B1,1.35266,103.94525,1920,1080,Shopping Mall,Tampines Mall,Tampines Mall,Tampines East,East Region,Focus Media SG,Retail > Mall,"IAB1-5,IAB20-18,IAB21,IAB22,IAB23,IAB24,IAB25,IAB26",10,5,64,All / Universal,SG Breakdown B2,NA,NA,NA,1920 x 1080,NA,NA,NA,NA
Ka1175,21426574,Tampines Mall - Lift Lobby B B2,1.35266,103.94525,1920,1080,Shopping Mall,Tampines Mall,Tampines Mall,Tampines East,East Region,Focus Media SG,Retail > Mall,"IAB1-5,IAB20-18,IAB21,IAB22,IAB23,IAB24,IAB25,IAB26",10,5,64,All / Universal,SG Breakdown B2,NA,NA,NA,1920 x 1080,NA,NA,NA,NA
Ka1176,21426575,Tampines Mall - Lift Lobby B B3,1.35266,103.94525,1920,1080,Shopping Mall,Tampines Mall,Tampines Mall,Tampines East,East Region,Focus Media SG,Retail > Mall,"IAB1-5,IAB20-18,IAB21,IAB22,IAB23,IAB24,IAB25,IAB26",10,5,64,All / Universal,SG Breakdown B2,NA,NA,NA,1920 x 1080,NA,NA,NA,NA
Ka1177,21426576,Tampines Mall - Lift Lobby B L1,1.35266,103.94525,1920,1080,Shopping Mall,Tampines Mall,Tampines Mall,Tampines East,East Region,Focus Media SG,Retail > Mall,"IAB1-5,IAB20-18,IAB21,IAB22,IAB23,IAB24,IAB25,IAB26",10,5,64,All / Universal,SG Breakdown B2,NA,NA,NA,1920 x 1080,NA,NA,NA,NA
Ka1178,21426577,Tampines Mall - Lift Lobby B L2,1.35266,103.94525,1920,1080,Shopping Mall,Tampines Mall,Tampines Mall,Tampines East,East Region,Focus Media SG,Retail > Mall,"IAB1-5,IAB20-18,IAB21,IAB22,IAB23,IAB24,IAB25,IAB26",10,5,64,All / Universal,SG Breakdown B2,NA,NA,NA,1920 x 1080,NA,NA,NA,NA
Ka1179,21426578,Tampines Mall - Lift Lobby B L3,1.35266,103.94525,1920,1080,Shopping Mall,Tampines Mall,Tampines Mall,Tampines East,East Region,Focus Media SG,Retail > Mall,"IAB1-5,IAB20-18,IAB21,IAB22,IAB23,IAB24,IAB25,IAB26",10,5,64,All / Universal,SG Breakdown B2,NA,NA,NA,1920 x 1080,NA,NA,NA,NA
Ka1180,21426579,Tampines Mall - Lift Lobby B L4,1.35266,103.94525,1920,1080,Shopping Mall,Tampines Mall,Tampines Mall,Tampines East,East Region,Focus Media SG,Retail > Mall,"IAB1-5,IAB20-18,IAB21,IAB22,IAB23,IAB24,IAB25,IAB26",10,5,64,All / Universal,SG Breakdown B2,NA,NA,NA,1920 x 1080,NA,NA,NA,NA
131694,21595667,Tampines Mart (G015) FOS Top (ADS076175),1.356519,103.960049,1080,1920,Giant,G015,Tampines Mart (G015),Tampines East,East Region,ADM/DFI SG,Retail > Convenience Stores,,10,7,15,All / Universal,SG Breakdown B2,NA,NA,NA,1080 x 1920,NA,NA,NA,NA
131724,21595669,Tampines Mart (G015) FSU 8 (ADS076219),1.356519,103.960049,1080,1920,Giant,G015,Tampines Mart (G015),Tampines East,East Region,ADM/DFI SG,Retail > Convenience Stores,,10,7,15,All / Universal,SG Breakdown B2,NA,NA,NA,1080 x 1920,NA,NA,NA,NA
131761,21595670,Tampines Mart (G015) GE 2 (ADS076284),1.356519,103.960049,1920,1080,Giant,G015,Tampines Mart (G015),Tampines East,East Region,ADM/DFI SG,Retail > Convenience Stores,,10,7,15,All / Universal,SG Breakdown B2,NA,NA,NA,1920 x 1080,NA,NA,NA,NA
131669,21595671,Tampines Mart (G015) FSU 2 (ADS076095),1.356519,103.960049,1080,1920,Giant,G015,Tampines Mart (G015),Tampines East,East Region,ADM/DFI SG,Retail > Convenience Stores,,10,7,15,All / Universal,SG Breakdown B2,NA,NA,NA,1080 x 1920,NA,NA,NA,NA
131756,21595672,Tampines Mart (G015) GE 5 (ADS076280),1.356519,103.960049,1920,1080,Giant,G015,Tampines Mart (G015),Tampines East,East Region,ADM/DFI SG,Retail > Convenience Stores,,10,7,15,All / Universal,SG Breakdown B2,NA,NA,NA,1920 x 1080,NA,NA,NA,NA
131759,21595673,Tampines Mart (G015) GE 26 (ADS076285),1.356519,103.960049,1920,1080,Giant,G015,Tampines Mart (G015),Tampines East,East Region,ADM/DFI SG,Retail > Convenience Stores,,10,7,15,All / Universal,SG Breakdown B2,NA,NA,NA,1920 x 1080,NA,NA,NA,NA
131731,21595674,Tampines Mart (G015) GE 28 (ADS076228),1.356519,103.960049,1920,1080,Giant,G015,Tampines Mart (G015),Tampines East,East Region,ADM/DFI SG,Retail > Convenience Stores,,10,7,15,All / Universal,SG Breakdown B2,NA,NA,NA,1920 x 1080,NA,NA,NA,NA
131757,21595675,Tampines Mart (G015) GE 8 (ADS076281),1.356519,103.960049,1920,1080,Giant,G015,Tampines Mart (G015),Tampines East,East Region,ADM/DFI SG,Retail > Convenience Stores,,10,7,15,All / Universal,SG Breakdown B2,NA,NA,NA,1920 x 1080,NA,NA,NA,NA
131762,21595676,Tampines Mart (G015) GE 31 (ADS076286),1.356519,103.960049,1920,1080,Giant,G015,Tampines Mart (G015),Tampines East,East Region,ADM/DFI SG,Retail > Convenience Stores,,10,7,15,All / Universal,SG Breakdown B2,NA,NA,NA,1920 x 1080,NA,NA,NA,NA
131771,21595677,Tampines Mart (G015) FSU 20 (ADS076295),1.356519,103.960049,1080,1920,Giant,G015,Tampines Mart (G015),Tampines East,East Region,ADM/DFI SG,Retail > Convenience Stores,,10,7,15,All / Universal,SG Breakdown B2,NA,NA,NA,1080 x 1920,NA,NA,NA,NA
131760,21595678,Tampines Mart (G015) GE 14 (ADS076283),1.356519,103.960049,1920,1080,Giant,G015,Tampines Mart (G015),Tampines East,East Region,ADM/DFI SG,Retail > Convenience Stores,,10,7,15,All / Universal,SG Breakdown B2,NA,NA,NA,1920 x 1080,NA,NA,NA,NA
131726,21595679,Tampines Mart (G015) FSU 35 (ADS076223),1.356519,103.960049,1080,1920,Giant,G015,Tampines Mart (G015),Tampines East,East Region,ADM/DFI SG,Retail > Convenience Stores,,10,7,15,All / Universal,SG Breakdown B2,NA,NA,NA,1080 x 1920,NA,NA,NA,NA
131755,21595680,Tampines Mart (G015) GE 35 (ADS076279),1.356519,103.960049,1920,1080,Giant,G015,Tampines Mart (G015),Tampines East,East Region,ADM/DFI SG,Retail > Convenience Stores,,10,7,15,All / Universal,SG Breakdown B2,NA,NA,NA,1920 x 1080,NA,NA,NA,NA
131668,21595681,Tampines Mart (G015) FSU 14 (ADS076094),1.356519,103.960049,1080,1920,Giant,G015,Tampines Mart (G015),Tampines East,East Region,ADM/DFI SG,Retail > Convenience Stores,,10,7,15,All / Universal,SG Breakdown B2,NA,NA,NA,1080 x 1920,NA,NA,NA,NA
131924,21595694,IMM (G029) FSU 78 (ADS076461),1.33513,103.74653,1080,1920,Giant,G029,IMM (G029),Toh Guan,West Region,ADM/DFI SG,Retail > Convenience Stores,,10,7,15,All / Universal,SG Breakdown B2,NA,NA,NA,1080 x 1920,NA,NA,NA,NA
131532,21595695,IMM (G029) FSU 62 (ADS075677),1.33513,103.74653,1080,1920,Giant,G029,IMM (G029),Toh Guan,West Region,ADM/DFI SG,Retail > Convenience Stores,,10,7,15,All / Universal,SG Breakdown B2,NA,NA,NA,1080 x 1920,NA,NA,NA,NA
131905,21595696,IMM (G029) GE 23 (ADS076441),1.33513,103.74653,1920,1080,Giant,G029,IMM (G029),Toh Guan,West Region,ADM/DFI SG,Retail > Convenience Stores,,10,7,15,All / Universal,SG Breakdown B2,NA,NA,NA,1920 x 1080,NA,NA,NA,NA
131538,21595697,IMM (G029) GE (ADS075673),1.33513,103.74653,1920,1080,Giant,G029,IMM (G029),Toh Guan,West Region,ADM/DFI SG,Retail > Convenience Stores,,10,7,15,All / Universal,SG Breakdown B2,NA,NA,NA,1920 x 1080,NA,NA,NA,NA
131533,21595698,IMM (G029) FSU 59 (ADS075678),1.33513,103.74653,1080,1920,Giant,G029,IMM (G029),Toh Guan,West Region,ADM/DFI SG,Retail > Convenience Stores,,10,7,15,All / Universal,SG Breakdown B2,NA,NA,NA,1080 x 1920,NA,NA,NA,NA
131801,21595699,IMM (G029) FSU 23 (ADS076329),1.33513,103.74653,1080,1920,Giant,G029,IMM (G029),Toh Guan,West Region,ADM/DFI SG,Retail > Convenience Stores,,10,7,15,All / Universal,SG Breakdown B2,NA,NA,NA,1080 x 1920,NA,NA,NA,NA
131539,21595700,IMM (G029) GE 62 (ADS075672),1.33513,103.74653,1920,1080,Giant,G029,IMM (G029),Toh Guan,West Region,ADM/DFI SG,Retail > Convenience Stores,,10,7,15,All / Universal,SG Breakdown B2,NA,NA,NA,1920 x 1080,NA,NA,NA,NA
131821,21595701,IMM (G029) GE 27 (ADS076349),1.33513,103.74653,1920,1080,Giant,G029,IMM (G029),Toh Guan,West Region,ADM/DFI SG,Retail > Convenience Stores,,10,7,15,All / Universal,SG Breakdown B2,NA,NA,NA,1920 x 1080,NA,NA,NA,NA
131543,21595702,IMM (G029) GE 54 (ADS075681),1.33513,103.74653,1920,1080,Giant,G029,IMM (G029),Toh Guan,West Region,ADM/DFI SG,Retail > Convenience Stores,,10,7,15,All / Universal,SG Breakdown B2,NA,NA,NA,1920 x 1080,NA,NA,NA,NA
131957,21595703,IMM (G029) GE 31 (ADS076518),1.33513,103.74653,1920,1080,Giant,G029,IMM (G029),Toh Guan,West Region,ADM/DFI SG,Retail > Convenience Stores,,10,7,15,All / Universal,SG Breakdown B2,NA,NA,NA,1920 x 1080,NA,NA,NA,NA
131777,21595704,IMM (G029) GE 19 (ADS076301),1.33513,103.74653,1920,1080,Giant,G029,IMM (G029),Toh Guan,West Region,ADM/DFI SG,Retail > Convenience Stores,,10,7,15,All / Universal,SG Breakdown B2,NA,NA,NA,1920 x 1080,NA,NA,NA,NA
131545,21595705,IMM (G029) GE 48 (ADS075683),1.33513,103.74653,1920,1080,Giant,G029,IMM (G029),Toh Guan,West Region,ADM/DFI SG,Retail > Convenience Stores,,10,7,15,All / Universal,SG Breakdown B2,NA,NA,NA,1920 x 1080,NA,NA,NA,NA
131531,21595706,IMM (G029) FSU48 (ADS075676),1.33513,103.74653,1080,1920,Giant,G029,IMM (G029),Toh Guan,West Region,ADM/DFI SG,Retail > Convenience Stores,,10,7,15,All / Universal,SG Breakdown B2,NA,NA,NA,1080 x 1920,NA,NA,NA,NA
131848,21595707,IMM (G029) GE 78 (ADS076376),1.33513,103.74653,1920,1080,Giant,G029,IMM (G029),Toh Guan,West Region,ADM/DFI SG,Retail > Convenience Stores,,10,7,15,All / Universal,SG Breakdown B2,NA,NA,NA,1920 x 1080,NA,NA,NA,NA
131908,21595708,IMM (G029) FSU 12 (ADS076444),1.33513,103.74653,1080,1920,Giant,G029,IMM (G029),Toh Guan,West Region,ADM/DFI SG,Retail > Convenience Stores,,10,7,15,All / Universal,SG Breakdown B2,NA,NA,NA,1080 x 1920,NA,NA,NA,NA
131956,21595709,IMM (G029) GE73 (ADS076517),1.33513,103.74653,1920,1080,Giant,G029,IMM (G029),Toh Guan,West Region,ADM/DFI SG,Retail > Convenience Stores,,10,7,15,All / Universal,SG Breakdown B2,NA,NA,NA,1920 x 1080,NA,NA,NA,NA
131934,21595710,IMM (G029) FSU73 (ADS076472),1.33513,103.74653,1080,1920,Giant,G029,IMM (G029),Toh Guan,West Region,ADM/DFI SG,Retail > Convenience Stores,,10,7,15,All / Universal,SG Breakdown B2,NA,NA,NA,1080 x 1920,NA,NA,NA,NA
131958,21595711,IMM (G029) GE12 (ADS076519),1.33513,103.74653,1920,1080,Giant,G029,IMM (G029),Toh Guan,West Region,ADM/DFI SG,Retail > Convenience Stores,,10,7,15,All / Universal,SG Breakdown B2,NA,NA,NA,1920 x 1080,NA,NA,NA,NA
131895,21595712,IMM (G029) GE 69 (ADS076431),1.33513,103.74653,1920,1080,Giant,G029,IMM (G029),Toh Guan,West Region,ADM/DFI SG,Retail > Convenience Stores,,10,7,15,All / Universal,SG Breakdown B2,NA,NA,NA,1920 x 1080,NA,NA,NA,NA
131903,21595713,IMM (G029) FSU 69 (ADS076439),1.33513,103.74653,1080,1920,Giant,G029,IMM (G029),Toh Guan,West Region,ADM/DFI SG,Retail > Convenience Stores,,10,7,15,All / Universal,SG Breakdown B2,NA,NA,NA,1080 x 1920,NA,NA,NA,NA
131810,21595714,IMM (G029) FSU 27 (ADS076338),1.33513,103.74653,1080,1920,Giant,G029,IMM (G029),Toh Guan,West Region,ADM/DFI SG,Retail > Convenience Stores,,10,7,15,All / Universal,SG Breakdown B2,NA,NA,NA,1080 x 1920,NA,NA,NA,NA
132059,21595715,IMM (G029) GE48 (ADS075683),1.33513,103.74653,1920,1080,Giant,G029,IMM (G029),Toh Guan,West Region,ADM/DFI SG,Retail > Convenience Stores,,10,7,15,All / Universal,SG Breakdown B2,NA,NA,NA,1920 x 1080,NA,NA,NA,NA
131546,21595716,IMM (G029) GE13 (ADS075684),1.33513,103.74653,1920,1080,Giant,G029,IMM (G029),Toh Guan,West Region,ADM/DFI SG,Retail > Convenience Stores,,10,7,15,All / Universal,SG Breakdown B2,NA,NA,NA,1920 x 1080,NA,NA,NA,NA
131542,21595717,IMM (G029) GE (ADS075674),1.33513,103.74653,1920,1080,Giant,G029,IMM (G029),Toh Guan,West Region,ADM/DFI SG,Retail > Convenience Stores,,10,7,15,All / Universal,SG Breakdown B2,NA,NA,NA,1920 x 1080,NA,NA,NA,NA
131530,21595718,IMM (G029) FSU 54 (ADS075675),1.33513,103.74653,1080,1920,Giant,G029,IMM (G029),Toh Guan,West Region,ADM/DFI SG,Retail > Convenience Stores,,10,7,15,All / Universal,SG Breakdown B2,NA,NA,NA,1080 x 1920,NA,NA,NA,NA
131802,21595719,IMM (G029) FSU (ADS076331),1.33513,103.74653,1080,1920,Giant,G029,IMM (G029),Toh Guan,West Region,ADM/DFI SG,Retail > Convenience Stores,,10,7,15,All / Universal,SG Breakdown B2,NA,NA,NA,1080 x 1920,NA,NA,NA,NA
131846,21595720,IMM (G029) GE 41 (ADS076374),1.33513,103.74653,1920,1080,Giant,G029,IMM (G029),Toh Guan,West Region,ADM/DFI SG,Retail > Convenience Stores,,10,7,15,All / Universal,SG Breakdown B2,NA,NA,NA,1920 x 1080,NA,NA,NA,NA
131774,21595721,IMM (G029) FSU 41 (ADS076298),1.33513,103.74653,1080,1920,Giant,G029,IMM (G029),Toh Guan,West Region,ADM/DFI SG,Retail > Convenience Stores,,10,7,15,All / Universal,SG Breakdown B2,NA,NA,NA,1080 x 1920,NA,NA,NA,NA
131540,21595722,IMM (G029) FOS Top (ADS075670),1.33513,103.74653,1080,1920,Giant,G029,IMM (G029),Toh Guan,West Region,ADM/DFI SG,Retail > Convenience Stores,,10,7,15,All / Universal,SG Breakdown B2,NA,NA,NA,1080 x 1920,NA,NA,NA,NA
131534,21595724,IMM (G029) FSU16 (ADS075679),1.33513,103.74653,1080,1920,Giant,G029,IMM (G029),Toh Guan,West Region,ADM/DFI SG,Retail > Convenience Stores,,10,7,15,All / Universal,SG Breakdown B2,NA,NA,NA,1080 x 1920,NA,NA,NA,NA
131860,21595737,Serangoon 266 (G077) FSU 6 (ADS076388),1.353242,103.87143,1080,1920,Giant,G077,Serangoon 266 (G077),Serangoon Central,North-East Region,ADM/DFI SG,Retail > Convenience Stores,,10,7,15,All / Universal,SG Breakdown B2,NA,NA,NA,1080 x 1920,NA,NA,NA,NA
131806,21595738,Serangoon 266 (G077) FSU (ADS076334),1.353242,103.87143,1080,1920,Giant,G077,Serangoon 266 (G077),Serangoon Central,North-East Region,ADM/DFI SG,Retail > Convenience Stores,,10,7,15,All / Universal,SG Breakdown B2,NA,NA,NA,1080 x 1920,NA,NA,NA,NA
131805,21595739,Serangoon 266 (G077) GE 6 (ADS076335),1.353242,103.87143,1920,1080,Giant,G077,Serangoon 266 (G077),Serangoon Central,North-East Region,ADM/DFI SG,Retail > Convenience Stores,,10,7,15,All / Universal,SG Breakdown B2,NA,NA,NA,1920 x 1080,NA,NA,NA,NA
131750,21595740,Serangoon 266 (G077) GE 8 (ADS076274),1.353242,103.87143,1920,1080,Giant,G077,Serangoon 266 (G077),Serangoon Central,North-East Region,ADM/DFI SG,Retail > Convenience Stores,,10,7,15,All / Universal,SG Breakdown B2,NA,NA,NA,1920 x 1080,NA,NA,NA,NA
131857,21595741,Serangoon 266 (G077) FSU 8 (ADS076385),1.353242,103.87143,1080,1920,Giant,G077,Serangoon 266 (G077),Serangoon Central,North-East Region,ADM/DFI SG,Retail > Convenience Stores,,10,7,15,All / Universal,SG Breakdown B2,NA,NA,NA,1080 x 1920,NA,NA,NA,NA
131890,21595743,Serangoon 266 (G077) FOS Top (ADS076426),1.353242,103.87143,1080,1920,Giant,G077,Serangoon 266 (G077),Serangoon Central,North-East Region,ADM/DFI SG,Retail > Convenience Stores,,10,7,15,All / Universal,SG Breakdown B2,NA,NA,NA,1080 x 1920,NA,NA,NA,NA
131746,21595744,Serangoon 266 (G077) GE 4 (ADS076270),1.353242,103.87143,1920,1080,Giant,G077,Serangoon 266 (G077),Serangoon Central,North-East Region,ADM/DFI SG,Retail > Convenience Stores,,10,7,15,All / Universal,SG Breakdown B2,NA,NA,NA,1920 x 1080,NA,NA,NA,NA
131553,21595916,ANG MO KIO 525 (G328) FOS Top (ADS075934),1.372687,103.853946,1080,1920,Giant,G328,Ang Mo Kio 525 (G328),Cheng San,North-East Region,ADM/DFI SG,Retail > Convenience Stores,,10,7,15,All / Universal,SG Breakdown B2,NA,NA,NA,1080 x 1920,NA,NA,NA,NA
131623,21595918,ANG MO KIO 525 (G328) GE 3 (ADS076015),1.372687,103.853946,1920,1080,Giant,G328,Ang Mo Kio 525 (G328),Cheng San,North-East Region,ADM/DFI SG,Retail > Convenience Stores,,10,7,15,All / Universal,SG Breakdown B2,NA,NA,NA,1920 x 1080,NA,NA,NA,NA
131651,21595919,ANG MO KIO 525 (G328) FSU 3 (ADS076070),1.372687,103.853946,1080,1920,Giant,G328,Ang Mo Kio 525 (G328),Cheng San,North-East Region,ADM/DFI SG,Retail > Convenience Stores,,10,7,15,All / Universal,SG Breakdown B2,NA,NA,NA,1080 x 1920,NA,NA,NA,NA
131666,21595920,ANG MO KIO 525 (G328) FSU 1 (ADS076090),1.372687,103.853946,1080,1920,Giant,G328,Ang Mo Kio 525 (G328),Cheng San,North-East Region,ADM/DFI SG,Retail > Convenience Stores,,10,7,15,All / Universal,SG Breakdown B2,NA,NA,NA,1080 x 1920,NA,NA,NA,NA
131641,21595921,ANG MO KIO 525 (G328) GE 1 (ADS076060),1.372687,103.853946,1920,1080,Giant,G328,Ang Mo Kio 525 (G328),Cheng San,North-East Region,ADM/DFI SG,Retail > Convenience Stores,,10,7,15,All / Universal,SG Breakdown B2,NA,NA,NA,1920 x 1080,NA,NA,NA,NA
131605,21595922,Ang Mo Kio 525 (G328) GE 5 (ADS075993),1.372687,103.853946,1920,1080,Giant,G328,Ang Mo Kio 525 (G328),Cheng San,North-East Region,ADM/DFI SG,Retail > Convenience Stores,,10,7,15,All / Universal,SG Breakdown B2,NA,NA,NA,1920 x 1080,NA,NA,NA,NA
131853,21595955,Ghim moh 21 (G339) FSU 1 (ADS076378),1.310135,103.788538,1080,1920,Giant,G339,Ghim moh 21(G339),Ghim Moh,Central Region,ADM/DFI SG,Retail > Convenience Stores,,10,7,15,All / Universal,SG Breakdown B2,NA,NA,NA,1080 x 1920,NA,NA,NA,NA
131800,21595957,Ghim moh 21 (G339) GE 4 (ADS076328),1.310135,103.788538,1920,1080,Giant,G339,Ghim moh 21(G339),Ghim Moh,Central Region,ADM/DFI SG,Retail > Convenience Stores,,10,7,15,All / Universal,SG Breakdown B2,NA,NA,NA,1920 x 1080,NA,NA,NA,NA
131815,21595958,Ghim moh 21 (G339) GE 1(ADS076343),1.310135,103.788538,1920,1080,Giant,G339,Ghim moh 21(G339),Ghim Moh,Central Region,ADM/DFI SG,Retail > Convenience Stores,,10,7,15,All / Universal,SG Breakdown B2,NA,NA,NA,1920 x 1080,NA,NA,NA,NA
131878,21595959,Ghim moh 21(G339) FOS Top (ADS076406),1.310135,103.788538,1080,1920,Giant,G339,Ghim moh 21(G339),Ghim Moh,Central Region,ADM/DFI SG,Retail > Convenience Stores,,10,7,15,All / Universal,SG Breakdown B2,NA,NA,NA,1080 x 1920,NA,NA,NA,NA
131661,21596016,ANG MO KIO 316B (G358) FSU 7 (ADS076085),1.364445,103.847709,1080,1920,Giant,G358,ANG MO KIO 316B (G358),Townsville,North-East Region,ADM/DFI SG,Retail > Convenience Stores,,10,7,15,All / Universal,SG Breakdown B2,NA,NA,NA,1080 x 1920,NA,NA,NA,NA
131690,21596017,ANG MO KIO 316B (G358) FSU 3 (ADS076161),1.364445,103.847709,1080,1920,Giant,G358,ANG MO KIO 316B (G358),Townsville,North-East Region,ADM/DFI SG,Retail > Convenience Stores,,10,7,15,All / Universal,SG Breakdown B2,NA,NA,NA,1080 x 1920,NA,NA,NA,NA
131622,21596018,ANG MO KIO 316B (G358) GE 3 (ADS076016),1.364445,103.847709,1920,1080,Giant,G358,ANG MO KIO 316B (G358),Townsville,North-East Region,ADM/DFI SG,Retail > Convenience Stores,,10,7,15,All / Universal,SG Breakdown B2,NA,NA,NA,1920 x 1080,NA,NA,NA,NA
131713,21596019,ANG MO KIO 316B (G358) GE 07 (ADS076209),1.364445,103.847709,1920,1080,Giant,G358,ANG MO KIO 316B (G358),Townsville,North-East Region,ADM/DFI SG,Retail > Convenience Stores,,10,7,15,All / Universal,SG Breakdown B2,NA,NA,NA,1920 x 1080,NA,NA,NA,NA
131575,21596021,Ang Mo Kio 316B (G358) FOS Top (ADS075965),1.364445,103.847709,1080,1920,Giant,G358,ANG MO KIO 316B (G358),Townsville,North-East Region,ADM/DFI SG,Retail > Convenience Stores,,10,7,15,All / Universal,SG Breakdown B2,NA,NA,NA,1080 x 1920,NA,NA,NA,NA
131597,21596022,ANG MO KIO 316B (G358) GE 9 (ADS075986),1.364445,103.847709,1920,1080,Giant,G358,ANG MO KIO 316B (G358),Townsville,North-East Region,ADM/DFI SG,Retail > Convenience Stores,,10,7,15,All / Universal,SG Breakdown B2,NA,NA,NA,1920 x 1080,NA,NA,NA,NA
131708,21596023,ANG MO KIO 316B (G358) GE 12 (ADS076204),1.364445,103.847709,1920,1080,Giant,G358,ANG MO KIO 316B (G358),Townsville,North-East Region,ADM/DFI SG,Retail > Convenience Stores,,10,7,15,All / Universal,SG Breakdown B2,NA,NA,NA,1920 x 1080,NA,NA,NA,NA
131691,21596024,Ang Mo Kio 316B (G358) FSU 12 (ADS076162),1.364445,103.847709,1080,1920,Giant,G358,ANG MO KIO 316B (G358),Townsville,North-East Region,ADM/DFI SG,Retail > Convenience Stores,,10,7,15,All / Universal,SG Breakdown B2,NA,NA,NA,1080 x 1920,NA,NA,NA,NA
131719,21596025,ANG MO KIO 316B (G358) FSU 9 (ADS076215),1.364445,103.847709,1080,1920,Giant,G358,ANG MO KIO 316B (G358),Townsville,North-East Region,ADM/DFI SG,Retail > Convenience Stores,,10,7,15,All / Universal,SG Breakdown B2,NA,NA,NA,1080 x 1920,NA,NA,NA,NA
131572,21596054,Northshore (G380) FOS Top (ADS075961),1.416733,103.901927,1080,1920,Giant,G380,Northshore (G380),Northshore,North-East Region,ADM/DFI SG,Retail > Convenience Stores,,10,7,15,All / Universal,SG Breakdown B2,NA,NA,NA,1080 x 1920,NA,NA,NA,NA
131733,21596055,Northshore (G380) GE 1 (ADS076230),1.416733,103.901927,1920,1080,Giant,G380,Northshore (G380),Northshore,North-East Region,ADM/DFI SG,Retail > Convenience Stores,,10,7,15,All / Universal,SG Breakdown B2,NA,NA,NA,1920 x 1080,NA,NA,NA,NA
131775,21596056,Northshore (G380) FSU 4 (ADS076299),1.416733,103.901927,1080,1920,Giant,G380,Northshore (G380),Northshore,North-East Region,ADM/DFI SG,Retail > Convenience Stores,,10,7,15,All / Universal,SG Breakdown B2,NA,NA,NA,1080 x 1920,NA,NA,NA,NA
131741,21596057,Northshore (G380) GE 4 (ADS076265),1.416733,103.901927,1920,1080,Giant,G380,Northshore (G380),Northshore,North-East Region,ADM/DFI SG,Retail > Convenience Stores,,10,7,15,All / Universal,SG Breakdown B2,NA,NA,NA,1920 x 1080,NA,NA,NA,NA
131743,21596058,Northshore (G380) GE 6 (ADS076267),1.416733,103.901927,1920,1080,Giant,G380,Northshore (G380),Northshore,North-East Region,ADM/DFI SG,Retail > Convenience Stores,,10,7,15,All / Universal,SG Breakdown B2,NA,NA,NA,1920 x 1080,NA,NA,NA,NA
131673,21596059,Northshore (G380) FSU 9 (ADS076139),1.416733,103.901927,1080,1920,Giant,G380,Northshore (G380),Northshore,North-East Region,ADM/DFI SG,Retail > Convenience Stores,,10,7,15,All / Universal,SG Breakdown B2,NA,NA,NA,1080 x 1920,NA,NA,NA,NA
131745,21596060,Northshore (G380) GE 9 (ADS076269),1.416733,103.901927,1920,1080,Giant,G380,Northshore (G380),Northshore,North-East Region,ADM/DFI SG,Retail > Convenience Stores,,10,7,15,All / Universal,SG Breakdown B2,NA,NA,NA,1920 x 1080,NA,NA,NA,NA
131670,21596061,Northshore (G380) FSU 1 (ADS076136),1.416733,103.901927,1080,1920,Giant,G380,Northshore (G380),Northshore,North-East Region,ADM/DFI SG,Retail > Convenience Stores,,10,7,15,All / Universal,SG Breakdown B2,NA,NA,NA,1080 x 1920,NA,NA,NA,NA
131776,21596062,Northshore (G380) FSU (ADS076300),1.416733,103.901927,1080,1920,Giant,G380,Northshore (G380),Northshore,North-East Region,ADM/DFI SG,Retail > Convenience Stores,,10,7,15,All / Universal,SG Breakdown B2,NA,NA,NA,1080 x 1920,NA,NA,NA,NA
131529,21596404,IMM (G029) FSU13 (ADS075657),1.33513,103.74653,1080,1920,Giant,G029,IMM (G029),Toh Guan,West Region,ADM/DFI SG,Retail > Convenience Stores,,10,7,15,All / Universal,SG Breakdown B2,NA,NA,NA,1080 x 1920,NA,NA,NA,NA
Ka1223,22000825,IMM Carpark Lift Lobby D Level 4,1.33494,103.74687,1920,1080,Shopping Mall,IMM,IMM,Toh Guan,West Region,Focus Media SG,Retail > Mall,"IAB20-18,IAB21,IAB22,IAB23,IAB24,IAB25,IAB26",10,5,64,All / Universal,SG Breakdown B2,NA,NA,NA,1920 x 1080,NA,NA,NA,NA
Ka1224,22000827,IMM Carpark Lift Lobby D Level 5,1.33494,103.74687,1920,1080,Shopping Mall,IMM,IMM,Toh Guan,West Region,Focus Media SG,Retail > Mall,"IAB20-18,IAB21,IAB22,IAB23,IAB24,IAB25,IAB26",10,5,64,All / Universal,SG Breakdown B2,NA,NA,NA,1920 x 1080,NA,NA,NA,NA
Ka1240,22323902,Tampines Mart_BZ,1.35411,103.96065,1920,1080,Shopping Mall,Tampines Mart_BZ,Tampines Mart_BZ,Tampines East,East Region,Focus Media SG,Retail > Mall,"IAB23,IAB24,IAB25,IAB26",10,5,64,All / Universal,SG Breakdown B2,NA,NA,NA,1920 x 1080,NA,NA,NA,NA
Ka1249,22323913,Anchorvale Village,1.39706,103.88848,1920,1080,Shopping Mall,Anchorvale Village,Anchorvale Village,Anchorvale,North-East Region,Focus Media SG,Retail > Mall,"IAB21,IAB22,IAB23,IAB24,IAB25,IAB26",10,5,64,All / Universal,SG Breakdown B2,NA,NA,NA,1920 x 1080,NA,NA,NA,NA
